"place","date","lfs_event","protocols_used"
"Illawarra",1994-01-04,1,"Johnston2011"
"Illawarra",1994-01-05,1,"Johnston2011"
"Illawarra",1994-01-06,1,"Johnston2011"
"Illawarra",1994-01-07,1,"Johnston2011"
"Illawarra",1994-01-08,1,"Johnston2011"
"Illawarra",1994-01-09,1,"Johnston2011"
"Illawarra",1994-01-10,1,"Johnston2011"
"Illawarra",1994-01-11,1,"Johnston2011"
"Illawarra",1994-01-12,1,"Johnston2011"
"Illawarra",1994-01-13,1,"Johnston2011"
"Illawarra",1994-01-14,1,"Johnston2011"
"Illawarra",1994-01-15,1,"Johnston2011"
"Illawarra",1994-01-16,1,"Johnston2011"
"Illawarra",1994-01-17,1,"Johnston2011"
"Illawarra",1994-11-06,1,"Johnston2011"
"Illawarra",1994-11-07,1,"Johnston2011"
"Illawarra",1994-11-08,1,"Johnston2011"
"Illawarra",1995-08-08,1,"Johnston2011"
"Illawarra",1995-08-09,1,"Johnston2011"
"Illawarra",1995-08-10,1,"Johnston2011"
"Illawarra",1995-08-11,1,"Johnston2011"
"Illawarra",1997-11-26,1,"Johnston2011"
"Illawarra",1997-11-27,1,"Johnston2011"
"Illawarra",1997-11-28,1,"Johnston2011"
"Illawarra",1997-11-29,1,"Johnston2011"
"Illawarra",1997-11-30,1,"Johnston2011"
"Illawarra",1997-12-01,1,"Johnston2011"
"Illawarra",1997-12-02,1,"Johnston2011"
"Illawarra",1997-12-03,1,"Johnston2011"
"Illawarra",1997-12-04,1,"Johnston2011"
"Illawarra",1997-12-05,1,"Johnston2011"
"Illawarra",1997-12-06,1,"Johnston2011"
"Illawarra",1997-12-07,1,"Johnston2011"
"Illawarra",1997-12-08,1,"Johnston2011"
"Illawarra",1997-12-09,1,"Johnston2011"
"Illawarra",1997-12-10,1,"Johnston2011"
"Illawarra",1997-12-11,1,"Johnston2011"
"Illawarra",1997-12-12,1,"Johnston2011"
"Illawarra",1997-12-13,1,"Johnston2011"
"Illawarra",1997-12-14,1,"Johnston2011"
"Illawarra",1997-12-15,1,"Johnston2011"
"Illawarra",1997-12-16,1,"Johnston2011"
"Illawarra",1997-12-17,1,"Johnston2011"
"Illawarra",1997-12-18,1,"Johnston2011"
"Illawarra",1997-12-19,1,"Johnston2011"
"Illawarra",1997-12-20,1,"Johnston2011"
"Illawarra",1997-12-21,1,"Johnston2011"
"Illawarra",1997-12-22,1,"Johnston2011"
"Illawarra",1997-12-23,1,"Johnston2011"
"Illawarra",1997-12-24,1,"Johnston2011"
"Illawarra",1997-12-25,1,"Johnston2011"
"Illawarra",1997-12-26,1,"Johnston2011"
"Illawarra",1997-12-27,1,"Johnston2011"
"Illawarra",1997-12-28,1,"Johnston2011"
"Illawarra",1997-12-29,1,"Johnston2011"
"Illawarra",1997-12-30,1,"Johnston2011"
"Illawarra",1997-12-31,1,"Johnston2011"
"Illawarra",1998-01-01,1,"Johnston2011"
"Illawarra",1998-01-02,1,"Johnston2011"
"Illawarra",2000-02-11,1,"Johnston2011"
"Illawarra",2000-09-19,1,"Johnston2011"
"Illawarra",2000-09-20,1,"Johnston2011"
"Illawarra",2000-09-21,1,"Johnston2011"
"Illawarra",2001-01-13,1,"Johnston2011"
"Illawarra",2001-01-14,1,"Johnston2011"
"Illawarra",2001-01-15,1,"Johnston2011"
"Illawarra",2001-01-16,1,"Johnston2011"
"Illawarra",2001-01-17,1,"Johnston2011"
"Illawarra",2001-01-18,1,"Johnston2011"
"Illawarra",2001-01-19,1,"Johnston2011"
"Illawarra",2001-10-29,1,"Johnston2011"
"Illawarra",2001-10-30,1,"Johnston2011"
"Illawarra",2001-10-31,1,"Johnston2011"
"Illawarra",2001-12-21,1,"Johnston2011"
"Illawarra",2001-12-22,1,"Johnston2011"
"Illawarra",2001-12-23,1,"Johnston2011"
"Illawarra",2001-12-24,1,"Johnston2011"
"Illawarra",2001-12-25,1,"Johnston2011"
"Illawarra",2001-12-26,1,"Johnston2011"
"Illawarra",2001-12-27,1,"Johnston2011"
"Illawarra",2001-12-28,1,"Johnston2011"
"Illawarra",2001-12-29,1,"Johnston2011"
"Illawarra",2001-12-30,1,"Johnston2011"
"Illawarra",2001-12-31,1,"Johnston2011"
"Illawarra",2002-01-01,1,"Johnston2011"
"Illawarra",2002-01-02,1,"Johnston2011"
"Illawarra",2002-01-03,1,"Johnston2011"
"Illawarra",2002-01-04,1,"Johnston2011"
"Illawarra",2002-01-05,1,"Johnston2011"
"Illawarra",2002-01-06,1,"Johnston2011"
"Illawarra",2002-01-07,1,"Johnston2011"
"Illawarra",2002-01-08,1,"Johnston2011"
"Illawarra",2002-01-09,1,"Johnston2011"
"Illawarra",2002-01-10,1,"Johnston2011"
"Illawarra",2002-01-11,1,"Johnston2011"
"Illawarra",2002-01-12,1,"Johnston2011"
"Illawarra",2002-01-13,1,"Johnston2011"
"Illawarra",2002-01-14,1,"Johnston2011"
"Illawarra",2002-01-15,1,"Johnston2011"
"Illawarra",2002-01-16,1,"Johnston2011"
"Illawarra",2002-01-17,1,"Johnston2011"
"Illawarra",2002-01-18,1,"Johnston2011"
"Illawarra",2002-01-19,1,"Johnston2011"
"Illawarra",2002-01-20,1,"Johnston2011"
"Illawarra",2002-01-21,1,"Johnston2011"
"Illawarra",2002-01-22,1,"Johnston2011"
"Illawarra",2002-09-25,1,"Johnston2011"
"Illawarra",2002-10-03,1,"Johnston2011"
"Illawarra",2002-10-04,1,"Johnston2011"
"Illawarra",2002-10-05,1,"Johnston2011"
"Illawarra",2002-10-06,1,"Johnston2011"
"Illawarra",2002-10-07,1,"Johnston2011"
"Illawarra",2002-10-08,1,"Johnston2011"
"Illawarra",2002-10-09,1,"Johnston2011"
"Illawarra",2002-10-10,1,"Johnston2011"
"Illawarra",2002-10-17,1,"Johnston2011"
"Illawarra",2002-10-18,1,"Johnston2011"
"Illawarra",2002-10-19,1,"Johnston2011"
"Illawarra",2002-10-20,1,"Johnston2011"
"Illawarra",2002-10-21,1,"Johnston2011"
"Illawarra",2002-10-22,1,"Johnston2011"
"Illawarra",2002-10-23,1,"Johnston2011"
"Illawarra",2002-10-24,1,"Johnston2011"
"Illawarra",2002-10-25,1,"Johnston2011"
"Illawarra",2002-10-26,1,"Johnston2011"
"Illawarra",2002-10-27,1,"Johnston2011"
"Illawarra",2002-10-28,1,"Johnston2011"
"Illawarra",2002-10-29,1,"Johnston2011"
"Illawarra",2002-10-30,1,"Johnston2011"
"Illawarra",2002-10-31,1,"Johnston2011"
"Illawarra",2002-11-01,1,"Johnston2011"
"Illawarra",2002-11-02,1,"Johnston2011"
"Illawarra",2002-11-03,1,"Johnston2011"
"Illawarra",2002-11-04,1,"Johnston2011"
"Illawarra",2002-11-05,1,"Johnston2011"
"Illawarra",2002-11-06,1,"Johnston2011"
"Illawarra",2002-11-07,1,"Johnston2011"
"Illawarra",2002-11-08,1,"Johnston2011"
"Illawarra",2002-11-09,1,"Johnston2011"
"Illawarra",2002-11-10,1,"Johnston2011"
"Illawarra",2002-11-11,1,"Johnston2011"
"Illawarra",2002-11-12,1,"Johnston2011"
"Illawarra",2002-11-13,1,"Johnston2011"
"Illawarra",2002-11-14,1,"Johnston2011"
"Illawarra",2002-11-15,1,"Johnston2011"
"Illawarra",2002-11-16,1,"Johnston2011"
"Illawarra",2002-11-17,1,"Johnston2011"
"Illawarra",2002-11-18,1,"Johnston2011"
"Illawarra",2002-11-19,1,"Johnston2011"
"Illawarra",2002-11-20,1,"Johnston2011"
"Illawarra",2002-11-21,1,"Johnston2011"
"Illawarra",2002-11-22,1,"Johnston2011"
"Illawarra",2002-11-23,1,"Johnston2011"
"Illawarra",2002-11-24,1,"Johnston2011"
"Illawarra",2002-11-25,1,"Johnston2011"
"Illawarra",2002-11-26,1,"Johnston2011"
"Illawarra",2002-11-27,1,"Johnston2011"
"Illawarra",2002-12-03,1,"Johnston2011"
"Illawarra",2002-12-04,1,"Johnston2011"
"Illawarra",2002-12-05,1,"Johnston2011"
"Illawarra",2002-12-06,1,"Johnston2011"
"Illawarra",2002-12-07,1,"Johnston2011"
"Illawarra",2002-12-08,1,"Johnston2011"
"Illawarra",2002-12-09,1,"Johnston2011"
"Illawarra",2002-12-10,1,"Johnston2011"
"Illawarra",2002-12-11,1,"Johnston2011"
"Illawarra",2002-12-12,1,"Johnston2011"
"Illawarra",2002-12-13,1,"Johnston2011"
"Illawarra",2002-12-14,1,"Johnston2011"
"Illawarra",2002-12-15,1,"Johnston2011"
"Illawarra",2002-12-16,1,"Johnston2011"
"Illawarra",2003-01-08,1,"Johnston2011"
"Illawarra",2003-01-09,1,"Johnston2011"
"Illawarra",2003-01-10,1,"Johnston2011"
"Illawarra",2003-01-11,1,"Johnston2011"
"Illawarra",2003-01-14,1,"Johnston2011"
"Illawarra",2003-01-15,1,"Johnston2011"
"Illawarra",2003-01-16,1,"Johnston2011"
"Illawarra",2003-01-17,1,"Johnston2011"
"Illawarra",2003-01-18,1,"Johnston2011"
"Illawarra",2003-01-21,1,"Johnston2011"
"Illawarra",2003-01-22,1,"Johnston2011"
"Illawarra",2003-01-24,1,"Johnston2011"
"Illawarra",2003-01-25,1,"Johnston2011"
"Illawarra",2003-01-26,1,"Johnston2011"
"Illawarra",2003-01-27,1,"Johnston2011"
"Illawarra",2003-01-29,1,"Johnston2011"
"Illawarra",2003-01-30,1,"Johnston2011"
"Illawarra",2003-01-31,1,"Johnston2011"
"Illawarra",2003-03-19,1,"Johnston2011"
"Illawarra",2003-03-20,1,"Johnston2011"
"Illawarra",2003-09-04,1,"Johnston2011"
"Illawarra",2003-12-19,1,"Johnston2011"
"Illawarra",2003-12-20,1,"Johnston2011"
"Illawarra",2003-12-21,1,"Johnston2011"
"Illawarra",2003-12-22,1,"Johnston2011"
"Illawarra",2003-12-23,1,"Johnston2011"
"Illawarra",2003-12-31,1,"Johnston2011"
"Illawarra",2004-01-10,1,"Johnston2011"
"Illawarra",2004-02-05,1,"Johnston2011"
"Illawarra",2004-02-06,1,"Johnston2011"
"Illawarra",2004-02-09,1,"Johnston2011"
"Illawarra",2004-02-21,1,"Johnston2011"
"Illawarra",2004-03-08,1,"Johnston2011"
"Illawarra",2004-03-25,1,"Johnston2011"
"Illawarra",2004-03-26,1,"Johnston2011"
"Illawarra",2004-05-17,1,"Johnston2011"
"Illawarra",2004-05-18,1,"Johnston2011"
"Illawarra",2004-08-13,1,"Johnston2011"
"Illawarra",2004-08-14,1,"Johnston2011"
"Illawarra",2004-10-12,1,"Johnston2011"
"Illawarra",2004-10-13,1,"Johnston2011"
"Illawarra",2004-10-14,1,"Johnston2011"
"Illawarra",2004-11-27,1,"Johnston2011"
"Illawarra",2004-11-29,1,"Johnston2011"
"Illawarra",2004-11-30,1,"Johnston2011"
"Illawarra",2004-12-15,1,"Johnston2011"
"Illawarra",2004-12-16,1,"Johnston2011"
"Illawarra",2005-01-13,1,"Johnston2011"
"Illawarra",2005-01-14,1,"Johnston2011"
"Illawarra",2005-02-07,1,"Johnston2011"
"Illawarra",2005-02-08,1,"Johnston2011"
"Illawarra",2005-04-03,1,"Johnston2011"
"Illawarra",2005-06-08,1,"Johnston2011"
"Illawarra",2005-12-15,1,"Johnston2011"
"Illawarra",2005-12-16,1,"Johnston2011"
"Illawarra",2005-12-21,1,"Johnston2011"
"Illawarra",2005-12-22,1,"Johnston2011"
"Illawarra",2005-12-23,1,"Johnston2011"
"Illawarra",2006-01-01,1,"Johnston2011"
"Illawarra",2006-01-21,1,"Johnston2011"
"Illawarra",2006-03-12,1,"Johnston2011"
"Illawarra",2006-03-13,1,"Johnston2011"
"Illawarra",2006-04-06,1,"Johnston2011"
"Illawarra",2006-09-23,1,"Johnston2011"
"Illawarra",2006-09-24,1,"Johnston2011"
"Illawarra",2006-09-25,1,"Johnston2011"
"Illawarra",2006-10-07,1,"Johnston2011"
"Illawarra",2006-10-08,1,"Johnston2011"
"Illawarra",2006-10-13,1,"Johnston2011"
"Illawarra",2006-11-22,1,"Johnston2011"
"Illawarra",2006-11-24,1,"Johnston2011"
"Illawarra",2006-11-25,1,"Johnston2011"
"Illawarra",2006-11-26,1,"Johnston2011"
"Illawarra",2006-11-27,1,"Johnston2011"
"Illawarra",2006-12-01,1,"Johnston2011"
"Illawarra",2006-12-11,1,"Johnston2011"
"Illawarra",2006-12-21,1,"Johnston2011"
"Illawarra",2006-12-22,1,"Johnston2011"
"Illawarra",2007-01-07,1,"Johnston2011"
"Illawarra",2007-01-08,1,"Johnston2011"
"Illawarra",2007-01-10,1,"Johnston2011"
"Illawarra",2007-01-11,1,"Johnston2011"
"Illawarra",2007-01-12,1,"Johnston2011"
"Illawarra",2007-01-20,1,"Johnston2011"
"Illawarra",2007-01-28,1,"Johnston2011"
"Illawarra",2007-01-30,1,"Johnston2011"
"Illawarra",2007-03-03,1,"Johnston2011"
"Illawarra",2007-04-20,1,"Johnston2011"
"Illawarra",2007-05-04,1,"Johnston2011"
"Illawarra",2007-10-15,1,"Johnston2011"
"Illawarra",2007-10-16,1,"Johnston2011"
"Illawarra",2007-10-17,1,"Johnston2011"
"Illawarra",2007-10-18,1,"Johnston2011"
"Illawarra",2007-10-19,1,"Johnston2011"
"Illawarra",2007-10-20,1,"Johnston2011"
"Illawarra",2007-10-21,1,"Johnston2011"
"Illawarra",2007-10-22,1,"Johnston2011"
"Illawarra",2007-10-23,1,"Johnston2011"
"Illawarra",2008-10-02,1,"Johnston2011"
"Illawarra",2008-10-03,1,"Johnston2011"
"Illawarra",2009-01-04,1,"Johnston2011"
"Illawarra",2009-01-05,1,"Johnston2011"
"Illawarra",2009-01-06,1,"Johnston2011"
"Illawarra",2009-01-07,1,"Johnston2011"
"Illawarra",2009-01-14,1,"Johnston2011"
"Illawarra",2009-02-06,1,"Johnston2011"
"Illawarra",2009-02-07,1,"Johnston2011"
"Illawarra",2009-02-08,1,"Johnston2011"
"Illawarra",2009-02-09,1,"Johnston2011"
"Illawarra",2010-01-12,1,"Salimi2016"
"Illawarra",2010-01-13,1,"Salimi2016"
"Illawarra",2010-03-26,1,"Salimi2016"
"Illawarra",2010-03-27,1,"Salimi2016"
"Illawarra",2010-03-28,1,"Salimi2016"
"Illawarra",2011-05-20,1,"Salimi2016"
"Illawarra",2011-05-21,1,"Salimi2016"
"Illawarra",2011-09-18,1,"Salimi2016"
"Illawarra",2012-08-29,1,"Salimi2016"
"Illawarra",2013-03-27,1,"Salimi2016"
"Illawarra",2013-05-11,1,"Salimi2016"
"Illawarra",2013-10-19,1,"Salimi2016"
"Illawarra",2013-10-20,1,"Salimi2016"
"Illawarra",2013-10-21,1,"Salimi2016"
"Illawarra",2013-10-22,1,"Salimi2016"
"Illawarra",2013-10-23,1,"Salimi2016"
"Illawarra",2013-10-27,1,"Salimi2016"
"Illawarra",2013-10-29,1,"Salimi2016"
"Illawarra",2013-11-03,1,"Salimi2016"
"Illawarra",2013-11-07,1,"Salimi2016"
"Illawarra",2013-11-08,1,"Salimi2016"
"Illawarra",2013-12-21,1,"Salimi2016"
"Illawarra",2014-01-04,1,"Salimi2016"
"Illawarra",2014-10-05,1,"Salimi2016"
"Illawarra",2015-08-21,1,"Salimi2016"
"Illawarra",2015-10-10,1,"Salimi2016"
"Illawarra",2015-10-17,1,"Salimi2016"
"Illawarra",2015-12-20,1,"Salimi2016"
"Illawarra",2016-05-07,1,"Salimi2016"
"Illawarra",2016-05-22,1,"Salimi2016"
"Illawarra",2017-08-14,1,"Salimi2016"
"Illawarra",2017-09-02,1,"Salimi2016"
"Illawarra",2018-04-25,1,"Salimi2016"
"Illawarra",2018-05-09,1,"Salimi2016"
"Illawarra",2018-05-10,1,"Salimi2016"
"Illawarra",2018-05-28,1,"Salimi2016"
"Illawarra",2018-11-22,1,"Salimi2016"
"Illawarra",2019-01-27,1,"Salimi2016"
"Illawarra",2019-04-28,1,"Salimi2016"
"Illawarra",2019-05-21,1,"Salimi2016"
"Illawarra",2019-05-24,1,"Salimi2016"
"Illawarra",2019-10-31,1,"Salimi2016"
"Illawarra",2019-11-01,1,"Salimi2016"
"Illawarra",2019-11-11,1,"Salimi2016"
"Illawarra",2019-11-18,1,"Salimi2016"
"Illawarra",2019-11-19,1,"Salimi2016"
"Illawarra",2019-11-21,1,"Salimi2016"
"Illawarra",2019-11-22,1,"Salimi2016"
"Illawarra",2019-11-25,1,"Salimi2016"
"Illawarra",2019-11-28,1,"Salimi2016"
"Illawarra",2019-11-29,1,"Salimi2016"
"Illawarra",2019-11-30,1,"Salimi2016"
"Illawarra",2019-12-01,1,"Salimi2016"
"Illawarra",2019-12-02,1,"Salimi2016"
"Illawarra",2019-12-03,1,"Salimi2016"
"Illawarra",2019-12-04,1,"Salimi2016"
"Illawarra",2019-12-05,1,"Salimi2016"
"Illawarra",2019-12-06,1,"Salimi2016"
"Illawarra",2019-12-07,1,"Salimi2016"
"Illawarra",2019-12-08,1,"Salimi2016"
"Illawarra",2019-12-09,1,"Salimi2016"
"Illawarra",2019-12-10,1,"Salimi2016"
"Illawarra",2019-12-11,1,"Salimi2016"
"Illawarra",2019-12-12,1,"Salimi2016"
"Illawarra",2019-12-14,1,"Salimi2016"
"Illawarra",2019-12-15,1,"Salimi2016"
"Illawarra",2019-12-16,1,"Salimi2016"
"Illawarra",2019-12-18,1,"Salimi2016"
"Illawarra",2019-12-19,1,"Salimi2016"
"Illawarra",2019-12-20,1,"Salimi2016"
"Illawarra",2019-12-21,1,"Salimi2016"
"Illawarra",2019-12-22,1,"Salimi2016"
"Illawarra",2019-12-24,1,"Salimi2016"
"Illawarra",2019-12-25,1,"Salimi2016"
"Illawarra",2019-12-28,1,"Salimi2016"
"Illawarra",2019-12-29,1,"Salimi2016"
"Illawarra",2019-12-31,1,"Salimi2016"
"Illawarra",2020-01-01,1,"Salimi2016"
"Illawarra",2020-01-02,1,"Salimi2016"
"Illawarra",2020-01-03,1,"Salimi2016"
"Illawarra",2020-01-04,1,"Salimi2016"
"Illawarra",2020-01-05,1,"Salimi2016"
"Illawarra",2020-01-08,1,"Salimi2016"
"Illawarra",2020-01-23,1,"Salimi2016"
"Illawarra",2020-02-01,1,"Salimi2016"
"Illawarra",2020-02-02,1,"Salimi2016"
"Illawarra",2020-08-30,1,"Salimi2016"
