"place","date","lfs_event","protocols_used"
"Sydney",1994-01-01,1,"Johnston2011"
"Sydney",1994-01-02,1,"Johnston2011"
"Sydney",1994-01-03,1,"Johnston2011"
"Sydney",1994-01-04,1,"Johnston2011"
"Sydney",1994-01-05,1,"Johnston2011"
"Sydney",1994-01-06,1,"Johnston2011"
"Sydney",1994-01-07,1,"Johnston2011"
"Sydney",1994-01-08,1,"Johnston2011"
"Sydney",1994-01-09,1,"Johnston2011"
"Sydney",1994-01-10,1,"Johnston2011"
"Sydney",1994-01-11,1,"Johnston2011"
"Sydney",1994-01-12,1,"Johnston2011"
"Sydney",1994-01-13,1,"Johnston2011"
"Sydney",1994-01-14,1,"Johnston2011"
"Sydney",1994-01-15,1,"Johnston2011"
"Sydney",1994-01-16,1,"Johnston2011"
"Sydney",1994-01-17,1,"Johnston2011"
"Sydney",1994-05-26,1,"Johnston2011"
"Sydney",1994-05-30,1,"Johnston2011"
"Sydney",1994-05-31,1,"Johnston2011"
"Sydney",1994-10-07,1,"Johnston2011"
"Sydney",1994-11-06,1,"Johnston2011"
"Sydney",1994-11-07,1,"Johnston2011"
"Sydney",1994-11-08,1,"Johnston2011"
"Sydney",1994-11-09,1,"Johnston2011"
"Sydney",1994-11-21,1,"Johnston2011"
"Sydney",1994-12-20,1,"Johnston2011"
"Sydney",1995-01-08,1,"Johnston2011"
"Sydney",1995-08-08,1,"Johnston2011"
"Sydney",1995-08-09,1,"Johnston2011"
"Sydney",1995-08-10,1,"Johnston2011"
"Sydney",1995-08-11,1,"Johnston2011"
"Sydney",1996-01-01,1,"Johnston2011"
"Sydney",1996-01-02,1,"Johnston2011"
"Sydney",1996-01-03,1,"Johnston2011"
"Sydney",1996-01-04,1,"Johnston2011"
"Sydney",1996-12-01,1,"Johnston2011"
"Sydney",1996-12-02,1,"Johnston2011"
"Sydney",1996-12-03,1,"Johnston2011"
"Sydney",1996-12-04,1,"Johnston2011"
"Sydney",1997-11-26,1,"Johnston2011"
"Sydney",1997-11-27,1,"Johnston2011"
"Sydney",1997-11-28,1,"Johnston2011"
"Sydney",1997-11-29,1,"Johnston2011"
"Sydney",1997-11-30,1,"Johnston2011"
"Sydney",1997-12-01,1,"Johnston2011"
"Sydney",1997-12-02,1,"Johnston2011"
"Sydney",1997-12-03,1,"Johnston2011"
"Sydney",1997-12-04,1,"Johnston2011"
"Sydney",1997-12-05,1,"Johnston2011"
"Sydney",1997-12-06,1,"Johnston2011"
"Sydney",1997-12-07,1,"Johnston2011"
"Sydney",1997-12-08,1,"Johnston2011"
"Sydney",1997-12-09,1,"Johnston2011"
"Sydney",1997-12-10,1,"Johnston2011"
"Sydney",1997-12-11,1,"Johnston2011"
"Sydney",1997-12-12,1,"Johnston2011"
"Sydney",1997-12-13,1,"Johnston2011"
"Sydney",1997-12-14,1,"Johnston2011"
"Sydney",1997-12-15,1,"Johnston2011"
"Sydney",1997-12-16,1,"Johnston2011"
"Sydney",1997-12-17,1,"Johnston2011"
"Sydney",1997-12-18,1,"Johnston2011"
"Sydney",1997-12-19,1,"Johnston2011"
"Sydney",1997-12-20,1,"Johnston2011"
"Sydney",1997-12-21,1,"Johnston2011"
"Sydney",1997-12-22,1,"Johnston2011"
"Sydney",1997-12-23,1,"Johnston2011"
"Sydney",1997-12-24,1,"Johnston2011"
"Sydney",1997-12-25,1,"Johnston2011"
"Sydney",1997-12-26,1,"Johnston2011"
"Sydney",1997-12-27,1,"Johnston2011"
"Sydney",1997-12-28,1,"Johnston2011"
"Sydney",1997-12-29,1,"Johnston2011"
"Sydney",1997-12-30,1,"Johnston2011"
"Sydney",1997-12-31,1,"Johnston2011"
"Sydney",1998-01-01,1,"Johnston2011"
"Sydney",1998-01-02,1,"Johnston2011"
"Sydney",1998-01-03,1,"Johnston2011"
"Sydney",1998-03-23,1,"Johnston2011"
"Sydney",1998-03-24,1,"Johnston2011"
"Sydney",1998-03-25,1,"Johnston2011"
"Sydney",1998-03-26,1,"Johnston2011"
"Sydney",1998-03-27,1,"Johnston2011"
"Sydney",1998-03-28,1,"Johnston2011"
"Sydney",1998-03-29,1,"Johnston2011"
"Sydney",1998-03-30,1,"Johnston2011"
"Sydney",2000-02-09,1,"Johnston2011"
"Sydney",2000-02-11,1,"Johnston2011"
"Sydney",2000-09-19,1,"Johnston2011"
"Sydney",2000-09-20,1,"Johnston2011"
"Sydney",2000-09-21,1,"Johnston2011"
"Sydney",2000-10-05,1,"Johnston2011"
"Sydney",2000-10-06,1,"Johnston2011"
"Sydney",2000-10-07,1,"Johnston2011"
"Sydney",2000-10-08,1,"Johnston2011"
"Sydney",2000-12-26,1,"Johnston2011"
"Sydney",2001-01-13,1,"Johnston2011"
"Sydney",2001-01-14,1,"Johnston2011"
"Sydney",2001-01-15,1,"Johnston2011"
"Sydney",2001-01-16,1,"Johnston2011"
"Sydney",2001-01-17,1,"Johnston2011"
"Sydney",2001-01-18,1,"Johnston2011"
"Sydney",2001-01-19,1,"Johnston2011"
"Sydney",2001-10-29,1,"Johnston2011"
"Sydney",2001-10-30,1,"Johnston2011"
"Sydney",2001-10-31,1,"Johnston2011"
"Sydney",2001-11-05,1,"Johnston2011"
"Sydney",2001-11-06,1,"Johnston2011"
"Sydney",2001-12-21,1,"Johnston2011"
"Sydney",2001-12-22,1,"Johnston2011"
"Sydney",2001-12-23,1,"Johnston2011"
"Sydney",2001-12-24,1,"Johnston2011"
"Sydney",2001-12-25,1,"Johnston2011"
"Sydney",2001-12-26,1,"Johnston2011"
"Sydney",2001-12-27,1,"Johnston2011"
"Sydney",2001-12-28,1,"Johnston2011"
"Sydney",2001-12-29,1,"Johnston2011"
"Sydney",2001-12-30,1,"Johnston2011"
"Sydney",2001-12-31,1,"Johnston2011"
"Sydney",2002-01-01,1,"Johnston2011"
"Sydney",2002-01-02,1,"Johnston2011"
"Sydney",2002-01-03,1,"Johnston2011"
"Sydney",2002-01-04,1,"Johnston2011"
"Sydney",2002-01-05,1,"Johnston2011"
"Sydney",2002-01-06,1,"Johnston2011"
"Sydney",2002-01-07,1,"Johnston2011"
"Sydney",2002-01-08,1,"Johnston2011"
"Sydney",2002-01-09,1,"Johnston2011"
"Sydney",2002-01-10,1,"Johnston2011"
"Sydney",2002-01-11,1,"Johnston2011"
"Sydney",2002-01-12,1,"Johnston2011"
"Sydney",2002-01-13,1,"Johnston2011"
"Sydney",2002-01-14,1,"Johnston2011"
"Sydney",2002-01-15,1,"Johnston2011"
"Sydney",2002-01-16,1,"Johnston2011"
"Sydney",2002-01-17,1,"Johnston2011"
"Sydney",2002-01-18,1,"Johnston2011"
"Sydney",2002-01-19,1,"Johnston2011"
"Sydney",2002-01-20,1,"Johnston2011"
"Sydney",2002-01-21,1,"Johnston2011"
"Sydney",2002-01-22,1,"Johnston2011"
"Sydney",2002-07-09,1,"Johnston2011"
"Sydney",2002-07-10,1,"Johnston2011"
"Sydney",2002-07-11,1,"Johnston2011"
"Sydney",2002-09-13,1,"Johnston2011"
"Sydney",2002-09-14,1,"Johnston2011"
"Sydney",2002-09-15,1,"Johnston2011"
"Sydney",2002-09-24,1,"Johnston2011"
"Sydney",2002-09-25,1,"Johnston2011"
"Sydney",2002-09-26,1,"Johnston2011"
"Sydney",2002-09-27,1,"Johnston2011"
"Sydney",2002-09-28,1,"Johnston2011"
"Sydney",2002-10-03,1,"Johnston2011"
"Sydney",2002-10-04,1,"Johnston2011"
"Sydney",2002-10-05,1,"Johnston2011"
"Sydney",2002-10-06,1,"Johnston2011"
"Sydney",2002-10-07,1,"Johnston2011"
"Sydney",2002-10-08,1,"Johnston2011"
"Sydney",2002-10-09,1,"Johnston2011"
"Sydney",2002-10-10,1,"Johnston2011"
"Sydney",2002-10-17,1,"Johnston2011"
"Sydney",2002-10-18,1,"Johnston2011"
"Sydney",2002-10-19,1,"Johnston2011"
"Sydney",2002-10-20,1,"Johnston2011"
"Sydney",2002-10-21,1,"Johnston2011"
"Sydney",2002-10-22,1,"Johnston2011"
"Sydney",2002-10-23,1,"Johnston2011"
"Sydney",2002-10-24,1,"Johnston2011"
"Sydney",2002-10-25,1,"Johnston2011"
"Sydney",2002-10-26,1,"Johnston2011"
"Sydney",2002-10-27,1,"Johnston2011"
"Sydney",2002-10-28,1,"Johnston2011"
"Sydney",2002-10-29,1,"Johnston2011"
"Sydney",2002-10-30,1,"Johnston2011"
"Sydney",2002-10-31,1,"Johnston2011"
"Sydney",2002-11-01,1,"Johnston2011"
"Sydney",2002-11-02,1,"Johnston2011"
"Sydney",2002-11-03,1,"Johnston2011"
"Sydney",2002-11-04,1,"Johnston2011"
"Sydney",2002-11-05,1,"Johnston2011"
"Sydney",2002-11-06,1,"Johnston2011"
"Sydney",2002-11-07,1,"Johnston2011"
"Sydney",2002-11-08,1,"Johnston2011"
"Sydney",2002-11-09,1,"Johnston2011"
"Sydney",2002-11-10,1,"Johnston2011"
"Sydney",2002-11-11,1,"Johnston2011"
"Sydney",2002-11-12,1,"Johnston2011"
"Sydney",2002-11-13,1,"Johnston2011"
"Sydney",2002-11-14,1,"Johnston2011"
"Sydney",2002-11-15,1,"Johnston2011"
"Sydney",2002-11-16,1,"Johnston2011"
"Sydney",2002-11-17,1,"Johnston2011"
"Sydney",2002-11-18,1,"Johnston2011"
"Sydney",2002-11-19,1,"Johnston2011"
"Sydney",2002-11-20,1,"Johnston2011"
"Sydney",2002-11-21,1,"Johnston2011"
"Sydney",2002-11-22,1,"Johnston2011"
"Sydney",2002-11-23,1,"Johnston2011"
"Sydney",2002-11-24,1,"Johnston2011"
"Sydney",2002-11-25,1,"Johnston2011"
"Sydney",2002-11-26,1,"Johnston2011"
"Sydney",2002-11-27,1,"Johnston2011"
"Sydney",2002-12-03,1,"Johnston2011"
"Sydney",2002-12-04,1,"Johnston2011"
"Sydney",2002-12-05,1,"Johnston2011"
"Sydney",2002-12-06,1,"Johnston2011"
"Sydney",2002-12-07,1,"Johnston2011"
"Sydney",2002-12-08,1,"Johnston2011"
"Sydney",2002-12-09,1,"Johnston2011"
"Sydney",2002-12-10,1,"Johnston2011"
"Sydney",2002-12-11,1,"Johnston2011"
"Sydney",2002-12-12,1,"Johnston2011"
"Sydney",2002-12-13,1,"Johnston2011"
"Sydney",2002-12-14,1,"Johnston2011"
"Sydney",2002-12-15,1,"Johnston2011"
"Sydney",2002-12-16,1,"Johnston2011"
"Sydney",2002-12-17,1,"Johnston2011"
"Sydney",2002-12-18,1,"Johnston2011"
"Sydney",2002-12-19,1,"Johnston2011"
"Sydney",2002-12-20,1,"Johnston2011"
"Sydney",2002-12-21,1,"Johnston2011"
"Sydney",2002-12-22,1,"Johnston2011"
"Sydney",2002-12-23,1,"Johnston2011"
"Sydney",2002-12-24,1,"Johnston2011"
"Sydney",2002-12-25,1,"Johnston2011"
"Sydney",2002-12-26,1,"Johnston2011"
"Sydney",2002-12-27,1,"Johnston2011"
"Sydney",2002-12-28,1,"Johnston2011"
"Sydney",2002-12-29,1,"Johnston2011"
"Sydney",2002-12-30,1,"Johnston2011"
"Sydney",2002-12-31,1,"Johnston2011"
"Sydney",2003-01-01,1,"Johnston2011"
"Sydney",2003-01-02,1,"Johnston2011"
"Sydney",2003-01-03,1,"Johnston2011"
"Sydney",2003-01-04,1,"Johnston2011"
"Sydney",2003-01-05,1,"Johnston2011"
"Sydney",2003-01-06,1,"Johnston2011"
"Sydney",2003-01-07,1,"Johnston2011"
"Sydney",2003-01-08,1,"Johnston2011"
"Sydney",2003-01-09,1,"Johnston2011"
"Sydney",2003-01-10,1,"Johnston2011"
"Sydney",2003-01-11,1,"Johnston2011"
"Sydney",2003-01-12,1,"Johnston2011"
"Sydney",2003-01-13,1,"Johnston2011"
"Sydney",2003-01-14,1,"Johnston2011"
"Sydney",2003-01-15,1,"Johnston2011"
"Sydney",2003-01-16,1,"Johnston2011"
"Sydney",2003-01-17,1,"Johnston2011"
"Sydney",2003-01-18,1,"Johnston2011"
"Sydney",2003-01-19,1,"Johnston2011"
"Sydney",2003-01-20,1,"Johnston2011"
"Sydney",2003-01-21,1,"Johnston2011"
"Sydney",2003-01-22,1,"Johnston2011"
"Sydney",2003-01-23,1,"Johnston2011"
"Sydney",2003-01-24,1,"Johnston2011"
"Sydney",2003-01-25,1,"Johnston2011"
"Sydney",2003-01-26,1,"Johnston2011"
"Sydney",2003-01-27,1,"Johnston2011"
"Sydney",2003-01-28,1,"Johnston2011"
"Sydney",2003-01-29,1,"Johnston2011"
"Sydney",2003-01-30,1,"Johnston2011"
"Sydney",2003-01-31,1,"Johnston2011"
"Sydney",2003-02-01,1,"Johnston2011"
"Sydney",2003-02-02,1,"Johnston2011"
"Sydney",2003-02-03,1,"Johnston2011"
"Sydney",2003-02-04,1,"Johnston2011"
"Sydney",2003-02-05,1,"Johnston2011"
"Sydney",2003-02-06,1,"Johnston2011"
"Sydney",2003-02-07,1,"Johnston2011"
"Sydney",2003-02-08,1,"Johnston2011"
"Sydney",2003-02-09,1,"Johnston2011"
"Sydney",2003-02-10,1,"Johnston2011"
"Sydney",2003-02-11,1,"Johnston2011"
"Sydney",2003-02-12,1,"Johnston2011"
"Sydney",2003-02-13,1,"Johnston2011"
"Sydney",2003-02-14,1,"Johnston2011"
"Sydney",2003-02-15,1,"Johnston2011"
"Sydney",2003-02-16,1,"Johnston2011"
"Sydney",2003-02-17,1,"Johnston2011"
"Sydney",2003-02-18,1,"Johnston2011"
"Sydney",2003-02-19,1,"Johnston2011"
"Sydney",2003-02-20,1,"Johnston2011"
"Sydney",2003-02-21,1,"Johnston2011"
"Sydney",2003-02-22,1,"Johnston2011"
"Sydney",2003-02-23,1,"Johnston2011"
"Sydney",2003-02-24,1,"Johnston2011"
"Sydney",2003-02-25,1,"Johnston2011"
"Sydney",2003-02-26,1,"Johnston2011"
"Sydney",2003-03-21,1,"Johnston2011"
"Sydney",2003-04-07,1,"Johnston2011"
"Sydney",2003-04-08,1,"Johnston2011"
"Sydney",2003-09-04,1,"Johnston2011"
"Sydney",2003-09-05,1,"Johnston2011"
"Sydney",2003-09-06,1,"Johnston2011"
"Sydney",2003-09-21,1,"Johnston2011"
"Sydney",2003-09-22,1,"Johnston2011"
"Sydney",2003-09-23,1,"Johnston2011"
"Sydney",2003-09-24,1,"Johnston2011"
"Sydney",2003-09-25,1,"Johnston2011"
"Sydney",2003-09-26,1,"Johnston2011"
"Sydney",2003-09-27,1,"Johnston2011"
"Sydney",2003-11-15,1,"Johnston2011"
"Sydney",2003-11-16,1,"Johnston2011"
"Sydney",2003-12-24,1,"Johnston2011"
"Sydney",2003-12-25,1,"Johnston2011"
"Sydney",2003-12-26,1,"Johnston2011"
"Sydney",2004-01-09,1,"Johnston2011"
"Sydney",2004-01-10,1,"Johnston2011"
"Sydney",2004-01-11,1,"Johnston2011"
"Sydney",2004-01-12,1,"Johnston2011"
"Sydney",2004-02-05,1,"Johnston2011"
"Sydney",2004-02-06,1,"Johnston2011"
"Sydney",2004-02-09,1,"Johnston2011"
"Sydney",2004-05-06,1,"Johnston2011"
"Sydney",2004-05-07,1,"Johnston2011"
"Sydney",2004-05-15,1,"Johnston2011"
"Sydney",2004-05-17,1,"Johnston2011"
"Sydney",2004-05-18,1,"Johnston2011"
"Sydney",2004-05-21,1,"Johnston2011"
"Sydney",2004-05-22,1,"Johnston2011"
"Sydney",2004-05-31,1,"Johnston2011"
"Sydney",2004-06-01,1,"Johnston2011"
"Sydney",2004-06-02,1,"Johnston2011"
"Sydney",2004-10-12,1,"Johnston2011"
"Sydney",2004-10-13,1,"Johnston2011"
"Sydney",2004-10-14,1,"Johnston2011"
"Sydney",2004-10-15,1,"Johnston2011"
"Sydney",2004-11-27,1,"Johnston2011"
"Sydney",2004-11-30,1,"Johnston2011"
"Sydney",2004-12-01,1,"Johnston2011"
"Sydney",2004-12-08,1,"Johnston2011"
"Sydney",2004-12-09,1,"Johnston2011"
"Sydney",2004-12-10,1,"Johnston2011"
"Sydney",2004-12-11,1,"Johnston2011"
"Sydney",2004-12-12,1,"Johnston2011"
"Sydney",2004-12-13,1,"Johnston2011"
"Sydney",2004-12-14,1,"Johnston2011"
"Sydney",2004-12-15,1,"Johnston2011"
"Sydney",2004-12-16,1,"Johnston2011"
"Sydney",2005-01-12,1,"Johnston2011"
"Sydney",2005-01-13,1,"Johnston2011"
"Sydney",2005-01-14,1,"Johnston2011"
"Sydney",2005-01-15,1,"Johnston2011"
"Sydney",2005-01-16,1,"Johnston2011"
"Sydney",2005-02-07,1,"Johnston2011"
"Sydney",2005-02-08,1,"Johnston2011"
"Sydney",2005-02-14,1,"Johnston2011"
"Sydney",2005-02-15,1,"Johnston2011"
"Sydney",2005-10-04,1,"Johnston2011"
"Sydney",2005-12-07,1,"Johnston2011"
"Sydney",2005-12-17,1,"Johnston2011"
"Sydney",2005-12-21,1,"Johnston2011"
"Sydney",2005-12-22,1,"Johnston2011"
"Sydney",2005-12-23,1,"Johnston2011"
"Sydney",2005-12-24,1,"Johnston2011"
"Sydney",2005-12-25,1,"Johnston2011"
"Sydney",2005-12-28,1,"Johnston2011"
"Sydney",2005-12-31,1,"Johnston2011"
"Sydney",2006-01-01,1,"Johnston2011"
"Sydney",2006-01-03,1,"Johnston2011"
"Sydney",2006-01-04,1,"Johnston2011"
"Sydney",2006-01-21,1,"Johnston2011"
"Sydney",2006-01-22,1,"Johnston2011"
"Sydney",2006-01-23,1,"Johnston2011"
"Sydney",2006-02-12,1,"Johnston2011"
"Sydney",2006-02-18,1,"Johnston2011"
"Sydney",2006-04-04,1,"Johnston2011"
"Sydney",2006-04-06,1,"Johnston2011"
"Sydney",2006-09-13,1,"Johnston2011"
"Sydney",2006-09-14,1,"Johnston2011"
"Sydney",2006-09-15,1,"Johnston2011"
"Sydney",2006-09-16,1,"Johnston2011"
"Sydney",2006-09-17,1,"Johnston2011"
"Sydney",2006-09-18,1,"Johnston2011"
"Sydney",2006-09-19,1,"Johnston2011"
"Sydney",2006-09-20,1,"Johnston2011"
"Sydney",2006-09-21,1,"Johnston2011"
"Sydney",2006-09-22,1,"Johnston2011"
"Sydney",2006-09-23,1,"Johnston2011"
"Sydney",2006-09-24,1,"Johnston2011"
"Sydney",2006-09-25,1,"Johnston2011"
"Sydney",2006-09-26,1,"Johnston2011"
"Sydney",2006-09-27,1,"Johnston2011"
"Sydney",2006-09-28,1,"Johnston2011"
"Sydney",2006-09-29,1,"Johnston2011"
"Sydney",2006-09-30,1,"Johnston2011"
"Sydney",2006-10-01,1,"Johnston2011"
"Sydney",2006-10-02,1,"Johnston2011"
"Sydney",2006-10-03,1,"Johnston2011"
"Sydney",2006-10-04,1,"Johnston2011"
"Sydney",2006-10-05,1,"Johnston2011"
"Sydney",2006-10-06,1,"Johnston2011"
"Sydney",2006-10-07,1,"Johnston2011"
"Sydney",2006-10-08,1,"Johnston2011"
"Sydney",2006-10-09,1,"Johnston2011"
"Sydney",2006-10-10,1,"Johnston2011"
"Sydney",2006-10-11,1,"Johnston2011"
"Sydney",2006-10-12,1,"Johnston2011"
"Sydney",2006-10-13,1,"Johnston2011"
"Sydney",2006-10-14,1,"Johnston2011"
"Sydney",2006-10-15,1,"Johnston2011"
"Sydney",2006-10-16,1,"Johnston2011"
"Sydney",2006-10-17,1,"Johnston2011"
"Sydney",2006-10-18,1,"Johnston2011"
"Sydney",2006-10-19,1,"Johnston2011"
"Sydney",2006-10-20,1,"Johnston2011"
"Sydney",2006-10-21,1,"Johnston2011"
"Sydney",2006-10-22,1,"Johnston2011"
"Sydney",2006-10-23,1,"Johnston2011"
"Sydney",2006-10-24,1,"Johnston2011"
"Sydney",2006-10-25,1,"Johnston2011"
"Sydney",2006-10-26,1,"Johnston2011"
"Sydney",2006-10-27,1,"Johnston2011"
"Sydney",2006-10-28,1,"Johnston2011"
"Sydney",2006-10-29,1,"Johnston2011"
"Sydney",2006-10-30,1,"Johnston2011"
"Sydney",2006-10-31,1,"Johnston2011"
"Sydney",2006-11-01,1,"Johnston2011"
"Sydney",2006-11-02,1,"Johnston2011"
"Sydney",2006-11-03,1,"Johnston2011"
"Sydney",2006-11-04,1,"Johnston2011"
"Sydney",2006-11-05,1,"Johnston2011"
"Sydney",2006-11-06,1,"Johnston2011"
"Sydney",2006-11-07,1,"Johnston2011"
"Sydney",2006-11-08,1,"Johnston2011"
"Sydney",2006-11-09,1,"Johnston2011"
"Sydney",2006-11-10,1,"Johnston2011"
"Sydney",2006-11-11,1,"Johnston2011"
"Sydney",2006-11-12,1,"Johnston2011"
"Sydney",2006-11-13,1,"Johnston2011"
"Sydney",2006-11-14,1,"Johnston2011"
"Sydney",2006-11-15,1,"Johnston2011"
"Sydney",2006-11-16,1,"Johnston2011"
"Sydney",2006-11-17,1,"Johnston2011"
"Sydney",2006-11-18,1,"Johnston2011"
"Sydney",2006-11-19,1,"Johnston2011"
"Sydney",2006-11-20,1,"Johnston2011"
"Sydney",2006-11-21,1,"Johnston2011"
"Sydney",2006-11-22,1,"Johnston2011"
"Sydney",2006-11-23,1,"Johnston2011"
"Sydney",2006-11-24,1,"Johnston2011"
"Sydney",2006-11-25,1,"Johnston2011"
"Sydney",2006-11-26,1,"Johnston2011"
"Sydney",2006-11-27,1,"Johnston2011"
"Sydney",2006-11-28,1,"Johnston2011"
"Sydney",2006-11-29,1,"Johnston2011"
"Sydney",2006-11-30,1,"Johnston2011"
"Sydney",2006-12-01,1,"Johnston2011"
"Sydney",2006-12-02,1,"Johnston2011"
"Sydney",2006-12-03,1,"Johnston2011"
"Sydney",2006-12-04,1,"Johnston2011"
"Sydney",2006-12-05,1,"Johnston2011"
"Sydney",2006-12-06,1,"Johnston2011"
"Sydney",2006-12-07,1,"Johnston2011"
"Sydney",2006-12-08,1,"Johnston2011"
"Sydney",2006-12-09,1,"Johnston2011"
"Sydney",2006-12-10,1,"Johnston2011"
"Sydney",2006-12-11,1,"Johnston2011"
"Sydney",2006-12-12,1,"Johnston2011"
"Sydney",2006-12-13,1,"Johnston2011"
"Sydney",2006-12-14,1,"Johnston2011"
"Sydney",2006-12-15,1,"Johnston2011"
"Sydney",2006-12-16,1,"Johnston2011"
"Sydney",2006-12-17,1,"Johnston2011"
"Sydney",2006-12-18,1,"Johnston2011"
"Sydney",2006-12-19,1,"Johnston2011"
"Sydney",2006-12-20,1,"Johnston2011"
"Sydney",2006-12-21,1,"Johnston2011"
"Sydney",2006-12-22,1,"Johnston2011"
"Sydney",2006-12-23,1,"Johnston2011"
"Sydney",2006-12-24,1,"Johnston2011"
"Sydney",2006-12-25,1,"Johnston2011"
"Sydney",2006-12-26,1,"Johnston2011"
"Sydney",2006-12-27,1,"Johnston2011"
"Sydney",2006-12-28,1,"Johnston2011"
"Sydney",2006-12-29,1,"Johnston2011"
"Sydney",2006-12-30,1,"Johnston2011"
"Sydney",2006-12-31,1,"Johnston2011"
"Sydney",2007-01-01,1,"Johnston2011"
"Sydney",2007-01-02,1,"Johnston2011"
"Sydney",2007-01-03,1,"Johnston2011"
"Sydney",2007-01-07,1,"Johnston2011"
"Sydney",2007-01-08,1,"Johnston2011"
"Sydney",2007-01-10,1,"Johnston2011"
"Sydney",2007-01-11,1,"Johnston2011"
"Sydney",2007-01-12,1,"Johnston2011"
"Sydney",2007-01-20,1,"Johnston2011"
"Sydney",2007-01-21,1,"Johnston2011"
"Sydney",2007-01-22,1,"Johnston2011"
"Sydney",2007-01-23,1,"Johnston2011"
"Sydney",2007-01-28,1,"Johnston2011"
"Sydney",2007-05-07,1,"Johnston2011"
"Sydney",2007-05-08,1,"Johnston2011"
"Sydney",2007-10-01,1,"Johnston2011"
"Sydney",2007-10-02,1,"Johnston2011"
"Sydney",2007-10-03,1,"Johnston2011"
"Sydney",2007-10-04,1,"Johnston2011"
"Sydney",2007-10-05,1,"Johnston2011"
"Sydney",2007-10-06,1,"Johnston2011"
"Sydney",2007-10-15,1,"Johnston2011"
"Sydney",2007-10-16,1,"Johnston2011"
"Sydney",2007-10-20,1,"Johnston2011"
"Sydney",2007-10-21,1,"Johnston2011"
"Sydney",2008-05-10,1,"Salimi2016"
"Sydney",2008-09-21,1,"Johnston2011"
"Sydney",2008-10-03,1,"Salimi2016"
"Sydney",2008-11-14,1,"Johnston2011"
"Sydney",2008-12-31,1,"Johnston2011"
"Sydney",2009-01-04,1,"Johnston2011"
"Sydney",2009-01-05,1,"Johnston2011"
"Sydney",2009-01-06,1,"Johnston2011, Salimi2016"
"Sydney",2009-01-07,1,"Johnston2011"
"Sydney",2009-01-14,1,"Johnston2011"
"Sydney",2009-01-15,1,"Johnston2011, Salimi2016"
"Sydney",2009-01-16,1,"Johnston2011"
"Sydney",2009-01-20,1,"Johnston2011"
"Sydney",2009-01-21,1,"Johnston2011"
"Sydney",2009-01-24,1,"Johnston2011"
"Sydney",2009-01-25,1,"Johnston2011"
"Sydney",2009-02-06,1,"Johnston2011, Salimi2016"
"Sydney",2009-02-07,1,"Johnston2011, Salimi2016"
"Sydney",2009-02-08,1,"Johnston2011"
"Sydney",2009-02-09,1,"Johnston2011"
"Sydney",2009-03-05,1,"Johnston2011"
"Sydney",2009-03-06,1,"Johnston2011"
"Sydney",2009-04-17,1,"Salimi2016"
"Sydney",2009-05-07,1,"Salimi2016"
"Sydney",2009-05-08,1,"Salimi2016"
"Sydney",2009-09-03,1,"Salimi2016"
"Sydney",2009-09-12,1,"Salimi2016"
"Sydney",2009-09-14,1,"Salimi2016"
"Sydney",2009-09-15,1,"Salimi2016"
"Sydney",2009-09-16,1,"Salimi2016"
"Sydney",2009-09-20,1,"Salimi2016"
"Sydney",2009-10-01,1,"Salimi2016"
"Sydney",2009-10-02,1,"Salimi2016"
"Sydney",2009-11-16,1,"Salimi2016"
"Sydney",2009-11-20,1,"Salimi2016"
"Sydney",2009-11-22,1,"Salimi2016"
"Sydney",2010-01-23,1,"Salimi2016"
"Sydney",2010-03-20,1,"Salimi2016"
"Sydney",2010-03-21,1,"Salimi2016"
"Sydney",2010-03-24,1,"Salimi2016"
"Sydney",2010-03-26,1,"Salimi2016"
"Sydney",2010-03-27,1,"Salimi2016"
"Sydney",2010-03-28,1,"Salimi2016"
"Sydney",2010-11-27,1,"Salimi2016"
"Sydney",2011-05-19,1,"Salimi2016"
"Sydney",2011-05-20,1,"Salimi2016"
"Sydney",2011-05-21,1,"Salimi2016"
"Sydney",2011-09-20,1,"Salimi2016"
"Sydney",2011-09-22,1,"Salimi2016"
"Sydney",2011-10-22,1,"Salimi2016"
"Sydney",2011-10-23,1,"Salimi2016"
"Sydney",2011-11-15,1,"Salimi2016"
"Sydney",2012-08-29,1,"Salimi2016"
"Sydney",2012-08-30,1,"Salimi2016"
"Sydney",2012-09-04,1,"Salimi2016"
"Sydney",2012-09-10,1,"Salimi2016"
"Sydney",2012-09-11,1,"Salimi2016"
"Sydney",2012-09-12,1,"Salimi2016"
"Sydney",2012-11-22,1,"Salimi2016"
"Sydney",2013-01-01,1,"Salimi2016"
"Sydney",2013-01-09,1,"Salimi2016"
"Sydney",2013-01-12,1,"Salimi2016"
"Sydney",2013-01-18,1,"Salimi2016"
"Sydney",2013-04-28,1,"Salimi2016"
"Sydney",2013-05-11,1,"Salimi2016"
"Sydney",2013-08-25,1,"Salimi2016"
"Sydney",2013-09-01,1,"Salimi2016"
"Sydney",2013-09-02,1,"Salimi2016"
"Sydney",2013-09-07,1,"Salimi2016"
"Sydney",2013-09-10,1,"Salimi2016"
"Sydney",2013-10-13,1,"Salimi2016"
"Sydney",2013-10-17,1,"Salimi2016"
"Sydney",2013-10-18,1,"Salimi2016"
"Sydney",2013-10-19,1,"Salimi2016"
"Sydney",2013-10-20,1,"Salimi2016"
"Sydney",2013-10-21,1,"Salimi2016"
"Sydney",2013-10-22,1,"Salimi2016"
"Sydney",2013-10-23,1,"Salimi2016"
"Sydney",2013-10-25,1,"Salimi2016"
"Sydney",2013-10-27,1,"Salimi2016"
"Sydney",2013-10-29,1,"Salimi2016"
"Sydney",2013-11-02,1,"Salimi2016"
"Sydney",2013-11-03,1,"Salimi2016"
"Sydney",2013-11-07,1,"Salimi2016"
"Sydney",2013-11-08,1,"Salimi2016"
"Sydney",2013-12-21,1,"Salimi2016"
"Sydney",2013-12-22,1,"Salimi2016"
"Sydney",2013-12-23,1,"Salimi2016"
"Sydney",2013-12-29,1,"Salimi2016"
"Sydney",2014-10-05,1,"Salimi2016"
"Sydney",2015-08-21,1,"Salimi2016"
"Sydney",2015-10-10,1,"Salimi2016"
"Sydney",2016-05-01,1,"Bare Minimum"
"Sydney",2016-05-02,1,"Bare Minimum"
"Sydney",2016-05-03,1,"Bare Minimum"
"Sydney",2016-05-04,1,"Bare Minimum"
"Sydney",2016-05-05,1,"Bare Minimum"
"Sydney",2016-05-06,1,"Bare Minimum"
"Sydney",2016-05-07,1,"Bare Minimum, Salimi2016"
"Sydney",2016-05-08,1,"Bare Minimum"
"Sydney",2016-05-09,1,"Bare Minimum"
"Sydney",2016-05-10,1,"Bare Minimum"
"Sydney",2016-05-11,1,"Bare Minimum"
"Sydney",2016-05-12,1,"Bare Minimum"
"Sydney",2016-05-13,1,"Bare Minimum"
"Sydney",2016-05-14,1,"Bare Minimum"
"Sydney",2016-05-15,1,"Bare Minimum"
"Sydney",2016-05-16,1,"Bare Minimum"
"Sydney",2016-05-17,1,"Bare Minimum"
"Sydney",2016-05-18,1,"Bare Minimum"
"Sydney",2016-05-19,1,"Bare Minimum, Salimi2016"
"Sydney",2016-05-20,1,"Bare Minimum, Salimi2016"
"Sydney",2016-05-21,1,"Bare Minimum, Salimi2016"
"Sydney",2016-05-22,1,"Bare Minimum, Salimi2016"
"Sydney",2016-05-23,1,"Bare Minimum"
"Sydney",2016-05-24,1,"Bare Minimum"
"Sydney",2016-05-25,1,"Bare Minimum"
"Sydney",2016-05-26,1,"Bare Minimum"
"Sydney",2016-05-27,1,"Bare Minimum"
"Sydney",2016-05-28,1,"Bare Minimum"
"Sydney",2016-05-29,1,"Bare Minimum"
"Sydney",2016-05-30,1,"Bare Minimum"
"Sydney",2016-05-31,1,"Bare Minimum"
"Sydney",2017-08-14,1,"Salimi2016"
"Sydney",2017-08-26,1,"Salimi2016"
"Sydney",2017-09-02,1,"Salimi2016"
"Sydney",2017-09-03,1,"Salimi2016"
"Sydney",2017-09-11,1,"Salimi2016"
"Sydney",2018-04-25,1,"Salimi2016"
"Sydney",2018-05-06,1,"Salimi2016"
"Sydney",2018-05-07,1,"Salimi2016"
"Sydney",2018-05-09,1,"Salimi2016"
"Sydney",2018-05-10,1,"Salimi2016"
"Sydney",2018-05-28,1,"Salimi2016"
"Sydney",2018-11-22,1,"Salimi2016"
"Sydney",2019-01-27,1,"Salimi2016"
"Sydney",2019-04-28,1,"Salimi2016"
"Sydney",2019-05-21,1,"Salimi2016"
"Sydney",2019-05-22,1,"Salimi2016"
"Sydney",2019-05-23,1,"Salimi2016"
"Sydney",2019-05-24,1,"Salimi2016"
"Sydney",2019-08-14,1,"Salimi2016"
"Sydney",2019-10-31,1,"Salimi2016"
"Sydney",2019-11-01,1,"Salimi2016"
"Sydney",2019-11-11,1,"Salimi2016"
"Sydney",2019-11-14,1,"Salimi2016"
"Sydney",2019-11-18,1,"Salimi2016"
"Sydney",2019-11-19,1,"Salimi2016"
"Sydney",2019-11-21,1,"Salimi2016"
"Sydney",2019-11-22,1,"Salimi2016"
"Sydney",2019-11-25,1,"Salimi2016"
"Sydney",2019-11-28,1,"Salimi2016"
"Sydney",2019-11-29,1,"Salimi2016"
"Sydney",2019-11-30,1,"Salimi2016"
"Sydney",2019-12-01,1,"Salimi2016"
"Sydney",2019-12-02,1,"Salimi2016"
"Sydney",2019-12-03,1,"Salimi2016"
"Sydney",2019-12-04,1,"Salimi2016"
"Sydney",2019-12-05,1,"Salimi2016"
"Sydney",2019-12-06,1,"Salimi2016"
"Sydney",2019-12-07,1,"Salimi2016"
"Sydney",2019-12-09,1,"Salimi2016"
"Sydney",2019-12-10,1,"Salimi2016"
"Sydney",2019-12-11,1,"Salimi2016"
"Sydney",2019-12-12,1,"Salimi2016"
"Sydney",2019-12-14,1,"Salimi2016"
"Sydney",2019-12-15,1,"Salimi2016"
"Sydney",2019-12-16,1,"Salimi2016"
"Sydney",2019-12-18,1,"Salimi2016"
"Sydney",2019-12-19,1,"Salimi2016"
"Sydney",2019-12-20,1,"Salimi2016"
"Sydney",2019-12-21,1,"Salimi2016"
"Sydney",2019-12-22,1,"Salimi2016"
"Sydney",2019-12-25,1,"Salimi2016"
"Sydney",2019-12-28,1,"Salimi2016"
"Sydney",2019-12-29,1,"Salimi2016"
"Sydney",2019-12-31,1,"Salimi2016"
"Sydney",2020-01-01,1,"Salimi2016"
"Sydney",2020-01-02,1,"Salimi2016"
"Sydney",2020-01-03,1,"Salimi2016"
"Sydney",2020-01-04,1,"Salimi2016"
"Sydney",2020-01-05,1,"Salimi2016"
"Sydney",2020-01-08,1,"Salimi2016"
"Sydney",2020-01-23,1,"Salimi2016"
"Sydney",2020-02-02,1,"Salimi2016"
"Sydney",2020-08-30,1,"Salimi2016"
