"date","pm25_lag0","pm10_lag0","place","lfs_event","protocols_used","lfs_pm10_lag0","lfs_pm25_lag0","lfs_pm2599","lfs99","pm10pct_lag0","pm25pct_lag0"
2006-04-22,,9.55,"Hobart",,,0,,,,0.246395806028834,
2006-04-23,,12.09,"Hobart",,,0,,,,0.391218872870249,
2006-04-24,,18.72,"Hobart",,,0,,,,0.715596330275229,
2006-04-25,,27.95,"Hobart",,,0,,,,0.893840104849279,
2006-04-26,,21.92,"Hobart",,,0,,,,0.800786369593709,
2006-04-28,,31.01,"Hobart",,,0,,,,0.935779816513762,
2006-04-29,,39.22,"Hobart",,,0,,,,0.986893840104849,
2006-04-30,,24.57,"Hobart",,,0,,,,0.851900393184797,
2006-05-01,,24.43,"Hobart",,,0,,,,0.847313237221494,
2006-05-02,,8.48,"Hobart",,,0,,,,0.193971166448231,
2006-05-03,,10.44,"Hobart",,,0,,,,0.293577981651376,
2006-05-04,,11.05,"Hobart",,,0,,,,0.335517693315858,
2006-05-05,,13.37,"Hobart",,,0,,,,0.466579292267366,
2006-05-06,,12.54,"Hobart",,,0,,,,0.420707732634338,
2006-05-07,,8.76,"Hobart",,,0,,,,0.205111402359109,
2006-05-08,,11.2,"Hobart",,,0,,,,0.340760157273919,
2006-05-09,,10.31,"Hobart",,,0,,,,0.283093053735256,
2006-05-10,,16.16,"Hobart",,,0,,,,0.615989515072084,
2006-05-11,,11.01,"Hobart",,,0,,,,0.328309305373526,
2006-05-12,,8.15,"Hobart",,,0,,,,0.17300131061599,
2006-05-13,,8.59,"Hobart",,,0,,,,0.197903014416776,
2006-05-14,,22.93,"Hobart",,,0,,,,0.82437745740498,
2006-05-15,,14.89,"Hobart",,,0,,,,0.549803407601573,
2006-05-16,,30.54,"Hobart",,,0,,,,0.929226736566186,
2006-05-17,,22.05,"Hobart",,,0,,,,0.804718217562254,
2006-05-18,,21.67,"Hobart",,,0,,,,0.795543905635649,
2006-05-19,,20.96,"Hobart",,,0,,,,0.779816513761468,
2006-05-20,,15.58,"Hobart",,,0,,,,0.579292267365662,
2006-05-21,,15.12,"Hobart",,,0,,,,0.561598951507208,
2006-05-22,,27.55,"Hobart",,,0,,,,0.889908256880734,
2006-05-23,,31.18,"Hobart",,,0,,,,0.938401048492792,
2006-05-24,,19.76,"Hobart",,,0,,,,0.743119266055046,
2006-05-25,,45.31,"Hobart",,,0,,,0,0.996068152031455,
2006-05-26,,25.53,"Hobart",,,0,,,,0.868938401048493,
2006-05-27,,11.25,"Hobart",,,0,,,,0.343381389252949,
2006-05-28,,9.96,"Hobart",,,0,,,,0.272608125819135,
2006-05-29,,20.29,"Hobart",,,0,,,,0.754914809960681,
2006-05-30,,25.02,"Hobart",,,0,,,,0.859764089121887,
2006-05-31,,42.43,"Hobart",,,0,,,0,0.99213630406291,
2006-06-01,,32.33,"Hobart",,,0,,,,0.944954128440367,
2006-06-02,,28.08,"Hobart",,,0,,,,0.895150720838794,
2006-06-03,,20.36,"Hobart",,,0,,,,0.760812581913499,
2006-06-04,,22.19,"Hobart",,,0,,,,0.806028833551769,
2006-06-05,11.44,,"Hobart",,,,0,0,,,0.812111801242236
2006-06-06,21.1,31.76,"Hobart",,,0,0,0,0,0.941022280471822,0.948757763975155
2006-06-07,12.49,21.87,"Hobart",,,0,0,0,0,0.799475753604194,0.835403726708075
2006-06-08,10.57,21.15,"Hobart",,,0,0,0,0,0.783093053735256,0.796583850931677
2006-06-09,15.18,25.46,"Hobart",,,0,0,0,0,0.86697247706422,0.886645962732919
2006-06-10,4.26,10.39,"Hobart",,,0,0,0,0,0.290956749672346,0.383540372670807
2006-06-11,3.11,10.86,"Hobart",,,0,0,0,0,0.31651376146789,0.21583850931677
2006-06-12,1.8,6.73,"Hobart",,,0,0,0,0,0.119921363040629,0.0388198757763975
2006-06-13,2.48,8.01,"Hobart",,,0,0,0,0,0.166448230668414,0.124223602484472
2006-06-14,4.7,8.41,"Hobart",,,0,0,0,0,0.190694626474443,0.450310559006211
2006-06-15,4.36,11.87,"Hobart",,,0,0,0,0,0.379423328964613,0.403726708074534
2006-06-16,4.36,17.27,"Hobart",,,0,0,0,0,0.672346002621232,0.403726708074534
2006-06-17,9.17,16.84,"Hobart",,,0,0,0,0,0.654652686762779,0.753105590062112
2006-06-18,12.39,24.46,"Hobart",,,0,0,0,0,0.849279161205767,0.833850931677019
2006-06-19,,22.21,"Hobart",,,0,,,,0.807339449541284,
2006-06-20,,18.54,"Hobart",,,0,,,,0.707732634338139,
2006-06-21,,24.5,"Hobart",,,0,,,,0.850589777195282,
2006-06-22,,28.78,"Hobart",,,0,,,,0.9043250327654,
2006-06-23,8.35,15.89,"Hobart",,,0,0,0,0,0.591743119266055,0.726708074534162
2006-06-24,2.94,10.78,"Hobart",,,0,0,0,0,0.31389252948886,0.183229813664596
2006-06-25,9.27,17.41,"Hobart",,,0,0,0,0,0.674967234600262,0.757763975155279
2006-06-26,21.63,33.45,"Hobart",,,0,0,0,0,0.954128440366973,0.959627329192547
2006-06-27,,20.39,"Hobart",,,0,,,,0.762778505897772,
2006-06-28,14.93,30.29,"Hobart",,,0,0,0,0,0.923984272608126,0.877329192546584
2006-06-29,10.83,31.23,"Hobart",,,0,0,0,0,0.939711664482307,0.801242236024845
2006-06-30,11.73,24.94,"Hobart",,,0,0,0,0,0.858453473132372,0.819875776397516
2006-07-01,15.25,24.14,"Hobart",,,0,0,0,0,0.841415465268676,0.889751552795031
2006-07-02,16.88,25.72,"Hobart",,,0,0,0,0,0.870249017038008,0.916149068322981
2006-07-03,24.69,50.96,"Hobart",,,0,0,0,0,1,0.982919254658385
2006-07-04,13.34,35.94,"Hobart",,,0,0,0,0,0.975098296199214,0.850931677018634
2006-07-05,9.51,15.66,"Hobart",,,0,0,0,0,0.580602883355177,0.768633540372671
2006-07-06,5.47,16.39,"Hobart",,,0,0,0,0,0.63302752293578,0.541149068322981
2006-07-07,2.22,7.94,"Hobart",,,0,0,0,0,0.162516382699869,0.0791925465838509
2006-07-08,2.54,6.58,"Hobart",,,0,0,0,0,0.110091743119266,0.132763975155279
2006-07-09,2.73,7.49,"Hobart",,,0,0,0,0,0.140235910878113,0.157608695652174
2006-07-10,4.79,,"Hobart",,,,0,0,,,0.462732919254658
2006-07-11,8.5,14.91,"Hobart",,,0,0,0,0,0.551769331585845,0.732142857142857
2006-07-12,3.39,12.18,"Hobart",,,0,0,0,0,0.396461336828309,0.263198757763975
2006-07-13,12.29,24.29,"Hobart",,,0,0,0,0,0.844036697247706,0.832298136645963
2006-07-14,16.59,28.73,"Hobart",,,0,0,0,0,0.90170380078637,0.911490683229814
2006-07-15,8.25,20.65,"Hobart",,,0,0,0,0,0.773263433813893,0.721273291925466
2006-07-16,9.63,18.89,"Hobart",,,0,0,0,0,0.718217562254259,0.770186335403727
2006-07-17,15.2,23.63,"Hobart",,,0,0,0,0,0.830930537352556,0.888198757763975
2006-07-18,10.35,30.84,"Hobart",,,0,0,0,0,0.932503276539974,0.788819875776398
2006-07-19,21.88,33.81,"Hobart",,,0,0,0,0,0.955439056356488,0.962732919254658
2006-07-20,21.45,33.94,"Hobart",,,0,0,0,0,0.958060288335518,0.956521739130435
2006-07-21,22.9,32.76,"Hobart",,,0,0,0,0,0.948885976408912,0.97360248447205
2006-07-22,22.21,32.4,"Hobart",,,0,0,0,0,0.94692005242464,0.967391304347826
2006-07-23,14.04,26.59,"Hobart",,,0,0,0,0,0.880733944954128,0.863354037267081
2006-07-24,29.49,42.19,"Hobart",,,0,0,0,0,0.990825688073395,0.995341614906832
2006-07-25,20.95,39.14,"Hobart",,,0,0,0,0,0.985583224115334,0.945652173913043
2006-07-26,21.11,37.24,"Hobart",,,0,0,0,0,0.980340760157274,0.950310559006211
2006-07-27,17.24,32.83,"Hobart",,,0,0,0,0,0.950196592398427,0.922360248447205
2006-07-28,27.64,34.31,"Hobart",,,0,0,0,0,0.960681520314548,0.990683229813665
2006-07-29,13.49,21,"Hobart",,,0,0,0,0,0.781127129750983,0.855590062111801
2006-07-30,6.22,9.8,"Hobart",,,0,0,0,0,0.260812581913499,0.611801242236025
2006-07-31,7.06,16.67,"Hobart",,,0,0,0,0,0.644167758846658,0.670807453416149
2006-08-01,16.38,29.44,"Hobart",,,0,0,0,0,0.91480996068152,0.906832298136646
2006-08-02,11.73,27.06,"Hobart",,,0,0,0,0,0.887287024901704,0.819875776397516
2006-08-03,16.06,24.43,"Hobart",,,0,0,0,0,0.847313237221494,0.899068322981366
2006-08-04,10.1,17.3,"Hobart",,,0,0,0,0,0.673656618610747,0.782608695652174
2006-08-05,4.42,9.68,"Hobart",,,0,0,0,0,0.254259501965924,0.409937888198758
2006-08-06,1.63,35.12,"Hobart",,,0,0,0,0,0.967234600262123,0.0263975155279503
2006-08-07,5.65,16.06,"Hobart",,,0,0,0,0,0.608125819134993,0.554347826086957
2006-08-08,14.24,28.14,"Hobart",,,0,0,0,0,0.896461336828309,0.868012422360248
2006-08-09,3.96,15.55,"Hobart",,,0,0,0,0,0.574049803407602,0.338509316770186
2006-08-10,3.61,13.41,"Hobart",,,0,0,0,0,0.467889908256881,0.28804347826087
2006-08-11,6.15,9.53,"Hobart",,,0,0,0,0,0.245085190039318,0.599378881987578
2006-08-12,23.02,29.14,"Hobart",,,0,0,0,0,0.91218872870249,0.975155279503106
2006-08-13,,16.1,"Hobart",,,0,,,,0.614678899082569,
2006-08-14,12.84,21.33,"Hobart",,,0,0,0,0,0.788335517693316,0.84472049689441
2006-08-15,9.36,14.84,"Hobart",,,0,0,0,0,0.546526867627785,0.760869565217391
2006-08-16,5.68,16.71,"Hobart",,,0,0,0,0,0.650065530799476,0.557453416149068
2006-08-17,3.69,9.81,"Hobart",,,0,0,0,0,0.26343381389253,0.303571428571429
2006-08-18,2.77,7.73,"Hobart",,,0,0,0,0,0.149410222804718,0.163819875776398
2006-08-19,2.35,5.9,"Hobart",,,0,0,0,0,0.0832241153342071,0.103260869565217
2006-08-20,5.21,9.66,"Hobart",,,0,0,0,0,0.252948885976409,0.512422360248447
2006-08-21,13.53,20.55,"Hobart",,,0,0,0,0,0.769331585845347,0.858695652173913
2006-08-22,4.89,9.34,"Hobart",,,0,0,0,0,0.237221494102228,0.478260869565217
2006-08-23,3.06,6.04,"Hobart",,,0,0,0,0,0.0917431192660551,0.203416149068323
2006-08-24,5.15,9.69,"Hobart",,,0,0,0,0,0.255570117955439,0.506211180124224
2006-08-25,8.92,13.32,"Hobart",,,0,0,0,0,0.46264744429882,0.746894409937888
2006-08-26,15.1,21.21,"Hobart",,,0,0,0,0,0.786369593709043,0.883540372670807
2006-08-27,3.15,9.65,"Hobart",,,0,0,0,0,0.250982961992136,0.225931677018634
2006-08-28,1.85,4.94,"Hobart",,,0,0,0,0,0.0386631716906946,0.046583850931677
2006-08-29,,6.65,"Hobart",,,0,,,,0.114023591087811,
2006-08-30,2.59,8.69,"Hobart",,,0,0,0,0,0.200524246395806,0.137422360248447
2006-08-31,3.83,10.96,"Hobart",,,0,0,0,0,0.322411533420708,0.324534161490683
2006-09-01,4.85,18.39,"Hobart",,,0,0,0,0,0.701179554390564,0.472049689440994
2006-09-02,3.35,6.75,"Hobart",,,0,0,0,0,0.123197903014417,0.25
2006-09-03,1.14,6.26,"Hobart",,,0,0,0,0,0.0969855832241153,0.0093167701863354
2006-09-04,6.38,12.18,"Hobart",,,0,0,0,0,0.396461336828309,0.631211180124224
2006-09-05,4.03,7.18,"Hobart",,,0,0,0,0,0.133682830930537,0.34860248447205
2006-09-06,15.08,25.32,"Hobart",,,0,0,0,0,0.863695937090432,0.881987577639752
2006-09-07,4.88,10.86,"Hobart",,,0,0,0,0,0.31651376146789,0.476708074534161
2006-09-08,8.64,13.49,"Hobart",,,0,0,0,0,0.471821756225426,0.737577639751553
2006-09-09,6.31,13.53,"Hobart",,,0,0,0,0,0.473132372214941,0.619565217391304
2006-09-10,7.07,14.5,"Hobart",,,0,0,0,0,0.526867627785059,0.672360248447205
2006-09-11,9.67,17.91,"Hobart",,,0,0,0,0,0.686762778505898,0.771739130434783
2006-09-12,11.72,29.55,"Hobart",,,0,0,0,0,0.917431192660551,0.816770186335404
2006-09-13,6.44,13.65,"Hobart",,,0,0,0,0,0.480340760157274,0.633540372670807
2006-09-14,2.46,8.1,"Hobart",,,0,0,0,0,0.169069462647444,0.120341614906832
2006-09-15,,4.51,"Hobart",,,0,,,,0.0249017038007864,
2006-09-16,,10.89,"Hobart",,,0,,,,0.318479685452163,
2006-09-17,6.66,16.26,"Hobart",,,0,0,0,0,0.623197903014417,0.653726708074534
2006-09-18,9.9,19.48,"Hobart",,,0,0,0,0,0.737876802096986,0.77639751552795
2006-09-19,6.15,15.7,"Hobart",,,0,0,0,0,0.581913499344692,0.599378881987578
2006-09-20,1.69,4.4,"Hobart",,,0,0,0,0,0.0222804718217562,0.0326086956521739
2006-09-21,4.74,14.44,"Hobart",,,0,0,0,0,0.521625163826999,0.456521739130435
2006-09-22,4.61,12.75,"Hobart",,,0,0,0,0,0.425950196592398,0.434782608695652
2006-09-23,2.34,4.28,"Hobart",,,0,0,0,0,0.0190039318479685,0.100931677018634
2006-09-24,2.9,6.6,"Hobart",,,0,0,0,0,0.111402359108781,0.177018633540373
2006-09-25,2.32,4.52,"Hobart",,,0,0,0,0,0.0262123197903014,0.0978260869565217
2006-09-26,2.01,5.82,"Hobart",,,0,0,0,0,0.0753604193971166,0.062111801242236
2006-09-27,3.79,14.46,"Hobart",,,0,0,0,0,0.524246395806029,0.319875776397516
2006-09-28,3.09,11.53,"Hobart",,,0,0,0,0,0.36173001310616,0.210403726708075
2006-09-29,2.44,4.37,"Hobart",,,0,0,0,0,0.0209698558322412,0.116459627329193
2006-09-30,5.62,11.15,"Hobart",,,0,0,0,0,0.336828309305374,0.552018633540373
2006-10-01,3.5,9.91,"Hobart",,,0,0,0,0,0.266710353866317,0.277173913043478
2006-10-02,3.01,8.45,"Hobart",,,0,0,0,0,0.192660550458716,0.190993788819876
2006-10-03,3.37,9.97,"Hobart",,,0,0,0,0,0.27391874180865,0.257763975155279
2006-10-04,7.1,15.54,"Hobart",,,0,0,0,0,0.572739187418086,0.673913043478261
2006-10-05,6.91,16.84,"Hobart",,,0,0,0,0,0.654652686762779,0.663819875776398
2006-10-06,3.24,11.65,"Hobart",,,0,0,0,0,0.36697247706422,0.232142857142857
2006-10-07,2.43,9.27,"Hobart",,,0,0,0,0,0.234600262123198,0.112577639751553
2006-10-08,2.24,10.38,"Hobart",,,0,0,0,0,0.288990825688073,0.0822981366459627
2006-10-09,3.65,11.03,"Hobart",,,0,0,0,0,0.331585845347313,0.295031055900621
2006-10-10,2.92,7.98,"Hobart",,,0,0,0,0,0.164482306684142,0.18167701863354
2006-10-11,3.72,16.69,"Hobart",,,0,0,0,0,0.648099606815203,0.31055900621118
2006-10-12,5.97,28.5,"Hobart",,,0,0,0,0,0.899082568807339,0.572981366459627
2006-10-13,4.35,12.13,"Hobart",,,0,0,0,0,0.393184796854522,0.399068322981366
2006-10-14,3.31,10.95,"Hobart",,,0,0,0,0,0.321100917431193,0.240683229813665
2006-10-15,5.98,11.47,"Hobart",,,0,0,0,0,0.358453473132372,0.575310559006211
2006-10-16,6.35,14.48,"Hobart",,,0,0,0,0,0.525557011795544,0.626552795031056
2006-10-17,7.35,18.08,"Hobart",,,0,0,0,0,0.694626474442988,0.687888198757764
2006-10-18,2.74,12.83,"Hobart",,,0,0,0,0,0.434469200524246,0.160714285714286
2006-10-19,6.37,16.75,"Hobart",,,0,0,0,0,0.652031454783748,0.62888198757764
2006-10-20,3.76,9.92,"Hobart",,,0,0,0,0,0.269331585845347,0.315993788819876
2006-10-21,2.91,6.17,"Hobart",,,0,0,0,0,0.0956749672346003,0.180124223602484
2006-10-22,2.36,5.31,"Hobart",,,0,0,0,0,0.0517693315858453,0.105590062111801
2006-10-23,2.56,8.13,"Hobart",,,0,0,0,0,0.171035386631717,0.135093167701863
2006-10-24,4.86,12.29,"Hobart",,,0,0,0,0,0.402359108781127,0.474378881987578
2006-10-25,6.79,17.83,"Hobart",,,0,0,0,0,0.685452162516383,0.656832298136646
2006-10-26,4.22,12.35,"Hobart",,,0,0,0,0,0.404980340760157,0.377329192546584
2006-10-27,1.8,3.46,"Hobart",,,0,0,0,0,0.00917431192660551,0.0388198757763975
2006-10-28,4.42,19.31,"Hobart",,,0,0,0,0,0.73394495412844,0.409937888198758
2006-10-29,3.84,9.28,"Hobart",,,0,0,0,0,0.235910878112713,0.326086956521739
2006-10-30,1.1,9.19,"Hobart",,,0,0,0,0,0.229357798165138,0.0077639751552795
2006-10-31,3.11,6.34,"Hobart",,,0,0,0,0,0.100917431192661,0.21583850931677
2006-11-01,3.98,8.05,"Hobart",,,0,0,0,0,0.167758846657929,0.342391304347826
2006-11-02,5.96,11.74,"Hobart",,,0,0,0,0,0.37221494102228,0.570652173913043
2006-11-03,1.18,7.91,"Hobart",,,0,0,0,0,0.159895150720839,0.0116459627329193
2006-11-04,3.04,8.87,"Hobart",,,0,0,0,0,0.211664482306684,0.197204968944099
2006-11-05,3.85,11.17,"Hobart",,,0,0,0,0,0.339449541284404,0.329192546583851
2006-11-06,4.74,11.63,"Hobart",,,0,0,0,0,0.36435124508519,0.456521739130435
2006-11-07,3.45,8.94,"Hobart",,,0,0,0,0,0.217562254259502,0.270186335403727
2006-11-08,4.61,12.92,"Hobart",,,0,0,0,0,0.442332896461337,0.434782608695652
2006-11-09,3.39,8.17,"Hobart",,,0,0,0,0,0.174311926605505,0.263198757763975
2006-11-10,2.31,8.18,"Hobart",,,0,0,0,0,0.17562254259502,0.0954968944099379
2006-11-11,5.77,15.91,"Hobart",,,0,0,0,0,0.594364351245085,0.562111801242236
2006-11-12,5.62,16.75,"Hobart",,,0,0,0,0,0.652031454783748,0.552018633540373
2006-11-13,3.29,8.3,"Hobart",,,0,0,0,0,0.181520314547837,0.236801242236025
2006-11-14,1.93,5.29,"Hobart",,,0,0,0,0,0.0484927916120577,0.0559006211180124
2006-11-15,3.94,7.61,"Hobart",,,0,0,0,0,0.144167758846658,0.33695652173913
2006-11-16,3.05,7.93,"Hobart",,,0,0,0,0,0.161205766710354,0.201086956521739
2006-11-17,3.15,8.37,"Hobart",,,0,0,0,0,0.18872870249017,0.225931677018634
2006-11-18,3.14,9.06,"Hobart",,,0,0,0,0,0.22608125819135,0.22360248447205
2006-11-19,1.82,6.76,"Hobart",,,0,0,0,0,0.124508519003932,0.0442546583850932
2006-11-20,2.31,6.03,"Hobart",,,0,0,0,0,0.09043250327654,0.0954968944099379
2006-11-21,6.21,13.28,"Hobart",,,0,0,0,0,0.461336828309305,0.608695652173913
2006-11-22,3.4,8.54,"Hobart",,,0,0,0,0,0.196592398427261,0.267080745341615
2006-11-23,4.68,12.02,"Hobart",,,0,0,0,0,0.385321100917431,0.447204968944099
2006-11-24,5.08,13.26,"Hobart",,,0,0,0,0,0.46002621231979,0.503105590062112
2006-11-25,5.96,15.49,"Hobart",,,0,0,0,0,0.571428571428571,0.570652173913043
2006-11-26,4.04,11.87,"Hobart",,,0,0,0,0,0.379423328964613,0.352484472049689
2006-11-27,4.66,14.7,"Hobart",,,0,0,0,0,0.53735255570118,0.445652173913043
2006-11-28,6.53,18.26,"Hobart",,,0,0,0,0,0.699868938401048,0.641304347826087
2006-11-29,3.59,12.41,"Hobart",,,0,0,0,0,0.411533420707733,0.285714285714286
2006-11-30,14.88,35.15,"Hobart",,,0,0,0,0,0.968545216251638,0.875776397515528
2006-12-01,6.51,15.85,"Hobart",,,0,0,0,0,0.588466579292267,0.638975155279503
2006-12-02,2.33,5.89,"Hobart",,,0,0,0,0,0.0812581913499345,0.0993788819875776
2006-12-03,1.8,3.04,"Hobart",,,0,0,0,0,0.00524246395806029,0.0388198757763975
2006-12-04,2.64,7.44,"Hobart",,,0,0,0,0,0.138925294888598,0.147515527950311
2006-12-05,4.99,14.63,"Hobart",,,0,0,0,0,0.534731323722149,0.490683229813665
2006-12-06,4.86,12.27,"Hobart",,,0,0,0,0,0.401048492791612,0.474378881987578
2006-12-07,4.84,15.56,"Hobart",,,0,0,0,0,0.576015727391874,0.46972049689441
2006-12-08,,34.47,"Hobart",,,0,,,,0.961992136304063,
2006-12-09,20.02,36.45,"Hobart",1,"Johnston2011",1,0,0,0,0.977719528178244,0.934782608695652
2006-12-10,21.23,46.79,"Hobart",1,"Johnston2011",1,1,0,1,0.99737876802097,0.953416149068323
2006-12-11,8.37,18.92,"Hobart",1,"Johnston2011",0,0,0,0,0.721494102228047,0.728260869565217
2006-12-12,3.05,10.05,"Hobart",1,"Johnston2011",0,0,0,0,0.275229357798165,0.201086956521739
2006-12-13,1.82,32.4,"Hobart",,,0,0,0,0,0.94692005242464,0.0442546583850932
2006-12-14,21.61,31.96,"Hobart",,,0,0,0,0,0.943643512450852,0.958074534161491
2006-12-15,5.47,16.36,"Hobart",,,0,0,0,0,0.631061598951507,0.541149068322981
2006-12-16,4.12,14.38,"Hobart",,,0,0,0,0,0.517693315858453,0.362577639751553
2006-12-17,3.85,9.26,"Hobart",,,0,0,0,0,0.233289646133683,0.329192546583851
2006-12-18,1.92,8.63,"Hobart",,,0,0,0,0,0.199213630406291,0.0543478260869565
2006-12-19,4.8,18.56,"Hobart",,,0,0,0,0,0.710353866317169,0.46583850931677
2006-12-20,15.84,30.84,"Hobart",,,0,0,0,0,0.932503276539974,0.894409937888199
2006-12-21,12.8,26.19,"Hobart",,,0,0,0,0,0.876802096985583,0.841614906832298
2006-12-22,13.9,23.95,"Hobart",,,0,0,0,0,0.838794233289646,0.861801242236025
2006-12-23,4.23,13.91,"Hobart",,,0,0,0,0,0.492791612057667,0.380434782608696
2006-12-24,3.52,10.33,"Hobart",,,0,0,0,0,0.284403669724771,0.28027950310559
2006-12-25,1.43,,"Hobart",,,,0,0,,,0.0201863354037267
2006-12-26,3.72,10.48,"Hobart",,,0,0,0,0,0.294888597640891,0.31055900621118
2006-12-27,2,5.01,"Hobart",,,0,0,0,0,0.0406290956749672,0.0605590062111801
2006-12-28,3.27,,"Hobart",,,,0,0,,,0.234472049689441
2006-12-29,2.81,8.41,"Hobart",,,0,0,0,0,0.190694626474443,0.169254658385093
2006-12-30,2.74,7.98,"Hobart",,,0,0,0,0,0.164482306684142,0.160714285714286
2006-12-31,3.65,9.92,"Hobart",,,0,0,0,0,0.269331585845347,0.295031055900621
2007-01-01,3.33,8.9,"Hobart",,,0,0,0,0,0.216251638269987,0.244565217391304
2007-01-02,3.78,9.7,"Hobart",,,0,0,0,0,0.256880733944954,0.31832298136646
2007-01-03,3.69,11.64,"Hobart",,,0,0,0,0,0.365661861074705,0.303571428571429
2007-01-04,4.91,15.22,"Hobart",,,0,0,0,0,0.564875491480996,0.481366459627329
2007-01-05,7.84,19.27,"Hobart",,,0,0,0,0,0.730668414154653,0.703416149068323
2007-01-06,3.31,5.37,"Hobart",,,0,0,0,0,0.055045871559633,0.240683229813665
2007-01-07,6.27,9.59,"Hobart",,,0,0,0,0,0.249017038007864,0.618012422360248
2007-01-08,4.2,12.76,"Hobart",,,0,0,0,0,0.428571428571429,0.373447204968944
2007-01-09,6.05,17.24,"Hobart",,,0,0,0,0,0.669724770642202,0.579192546583851
2007-01-10,11.57,25.42,"Hobart",,,0,0,0,0,0.865006553079948,0.813664596273292
2007-01-11,20.66,42.51,"Hobart",1,"Johnston2011",1,0,0,1,0.993446920052425,0.940993788819876
2007-01-12,4.6,12.73,"Hobart",,,0,0,0,0,0.423984272608126,0.43167701863354
2007-01-13,3.5,10.55,"Hobart",,,0,0,0,0,0.298820445609436,0.277173913043478
2007-01-14,1.64,4.61,"Hobart",,,0,0,0,0,0.0275229357798165,0.0279503105590062
2007-01-15,4.71,14.01,"Hobart",,,0,0,0,0,0.499344692005242,0.452639751552795
2007-01-16,6.07,19.52,"Hobart",1,"Johnston2011",0,0,0,0,0.740498034076016,0.582298136645963
2007-01-17,20.81,43.93,"Hobart",1,"Johnston2011",1,0,0,1,0.99475753604194,0.944099378881988
2007-01-18,5.32,14.76,"Hobart",1,"Johnston2011",0,0,0,0,0.53997378768021,0.517080745341615
2007-01-19,7.95,16.26,"Hobart",,,0,0,0,0,0.623197903014417,0.708074534161491
2007-01-20,7.28,12.9,"Hobart",,,0,0,0,0,0.439056356487549,0.684782608695652
2007-01-21,6.91,11.01,"Hobart",,,0,0,0,0,0.328309305373526,0.663819875776398
2007-01-22,3.64,11.47,"Hobart",,,0,0,0,0,0.358453473132372,0.291925465838509
2007-01-23,3.49,10.68,"Hobart",,,0,0,0,0,0.305373525557012,0.274844720496894
2007-01-24,3.04,8.86,"Hobart",,,0,0,0,0,0.209698558322412,0.197204968944099
2007-01-25,2.63,7.76,"Hobart",,,0,0,0,0,0.151376146788991,0.143633540372671
2007-01-26,,3.92,"Hobart",,,0,,,,0.0131061598951507,
2007-01-27,,6.94,"Hobart",,,0,,,,0.129750982961992,
2007-01-28,,7.79,"Hobart",,,0,,,,0.153342070773263,
2007-01-29,,11.76,"Hobart",,,0,,,,0.373525557011796,
2007-01-30,,11.67,"Hobart",,,0,,,,0.368283093053735,
2007-01-31,,13.8,"Hobart",,,0,,,,0.488859764089122,
2007-02-01,,20.36,"Hobart",,,0,,,,0.760812581913499,
2007-02-02,6.06,21.36,"Hobart",,,0,0,0,0,0.790301441677588,0.580745341614907
2007-02-03,,11.82,"Hobart",,,0,,,,0.376146788990826,
2007-02-04,3.73,11.41,"Hobart",,,0,0,0,0,0.352555701179554,0.313664596273292
2007-02-05,4.58,14.07,"Hobart",,,0,0,0,0,0.50262123197903,0.428571428571429
2007-02-06,6.11,18.09,"Hobart",,,0,0,0,0,0.695937090432503,0.59083850931677
2007-02-07,5.47,17.59,"Hobart",,,0,0,0,0,0.681520314547837,0.541149068322981
2007-02-08,4.35,14.79,"Hobart",,,0,0,0,0,0.54259501965924,0.399068322981366
2007-02-09,6.49,16.56,"Hobart",,,0,0,0,0,0.637614678899083,0.636645962732919
2007-02-10,3.35,13.65,"Hobart",,,0,0,0,0,0.480340760157274,0.25
2007-02-11,,10.74,"Hobart",,,0,,,,0.311926605504587,
2007-02-12,2.97,9.79,"Hobart",,,0,0,0,0,0.259501965923984,0.18944099378882
2007-02-13,3.12,15.08,"Hobart",,,0,0,0,0,0.558322411533421,0.21972049689441
2007-02-14,,13.88,"Hobart",,,0,,,,0.490825688073394,
2007-02-15,5.03,16.94,"Hobart",,,0,0,0,0,0.659239842726081,0.497670807453416
2007-02-16,5.12,19.96,"Hobart",,,0,0,0,0,0.745740498034076,0.504658385093168
2007-02-17,7.2,16.42,"Hobart",,,0,0,0,0,0.634338138925295,0.680124223602484
2007-02-18,12.15,24.81,"Hobart",,,0,0,0,0,0.857142857142857,0.830745341614907
2007-02-19,11.07,24.77,"Hobart",,,0,0,0,0,0.853211009174312,0.803571428571429
2007-02-20,8.55,20.83,"Hobart",,,0,0,0,0,0.777195281782438,0.734472049689441
2007-02-21,5.46,14.07,"Hobart",,,0,0,0,0,0.50262123197903,0.537267080745342
2007-02-22,8.38,13.74,"Hobart",,,0,0,0,0,0.487549148099607,0.729813664596273
2007-02-23,6.14,10.72,"Hobart",,,0,0,0,0,0.309960681520315,0.596273291925466
2007-02-24,4.97,9.05,"Hobart",,,0,0,0,0,0.224115334207077,0.487577639751553
2007-02-25,4.04,9.65,"Hobart",,,0,0,0,0,0.250982961992136,0.352484472049689
2007-02-26,5.86,12.48,"Hobart",,,0,0,0,0,0.416775884665793,0.56444099378882
2007-02-27,2.28,4.86,"Hobart",,,0,0,0,0,0.0321100917431193,0.0916149068322981
2007-02-28,5.02,13.93,"Hobart",,,0,0,0,0,0.494102228047182,0.495341614906832
2007-03-01,3.04,5.87,"Hobart",,,0,0,0,0,0.0786369593709043,0.197204968944099
2007-03-02,3.42,5.91,"Hobart",,,0,0,0,0,0.0858453473132372,0.268633540372671
2007-03-03,4.91,18.44,"Hobart",,,0,0,0,0,0.702490170380079,0.481366459627329
2007-03-04,2.46,5.75,"Hobart",,,0,0,0,0,0.0727391874180865,0.120341614906832
2007-03-05,3.12,12.38,"Hobart",,,0,0,0,0,0.408912188728702,0.21972049689441
2007-03-06,4.63,15.06,"Hobart",,,0,0,0,0,0.556356487549148,0.440993788819876
2007-03-07,5.39,14.81,"Hobart",,,0,0,0,0,0.54521625163827,0.525621118012422
2007-03-08,3.36,16.35,"Hobart",,,0,0,0,0,0.628440366972477,0.254658385093168
2007-03-09,,11.95,"Hobart",,,0,,,,0.381389252948886,
2007-03-10,5.43,13.2,"Hobart",,,0,0,0,0,0.45478374836173,0.529503105590062
2007-03-11,3.29,14.01,"Hobart",,,0,0,0,0,0.499344692005242,0.236801242236025
2007-03-12,6.12,16.68,"Hobart",,,0,0,0,0,0.646133682830931,0.593167701863354
2007-03-13,1.76,5.19,"Hobart",,,0,0,0,0,0.0445609436435125,0.0357142857142857
2007-03-14,,8.28,"Hobart",,,0,,,,0.179554390563565,
2007-03-15,5.57,18.6,"Hobart",,,0,0,0,0,0.711664482306684,0.546583850931677
2007-03-16,4.35,10.62,"Hobart",,,0,0,0,0,0.302752293577982,0.399068322981366
2007-03-17,2.96,7.87,"Hobart",,,0,0,0,0,0.156618610747051,0.186335403726708
2007-03-18,2.43,6.55,"Hobart",,,0,0,0,0,0.107470511140236,0.112577639751553
2007-03-19,3.23,9.81,"Hobart",,,0,0,0,0,0.26343381389253,0.229813664596273
2007-03-20,2.41,9.09,"Hobart",,,0,0,0,0,0.228047182175623,0.108695652173913
2007-03-21,4.24,13.97,"Hobart",,,0,0,0,0,0.495412844036697,0.381987577639752
2007-03-22,3.08,23.76,"Hobart",,,0,0,0,0,0.834207077326343,0.207298136645963
2007-03-23,1.18,34.77,"Hobart",,,0,0,0,0,0.964613368283093,0.0116459627329193
2007-03-24,4.05,10.34,"Hobart",,,0,0,0,0,0.285714285714286,0.357142857142857
2007-03-25,0.81,10.36,"Hobart",,,0,0,0,0,0.287024901703801,0.0031055900621118
2007-03-26,0.98,12.09,"Hobart",,,0,0,0,0,0.391218872870249,0.0046583850931677
2007-03-27,5.47,12.86,"Hobart",,,0,0,0,0,0.437090432503277,0.541149068322981
2007-03-28,4.79,15.95,"Hobart",,,0,0,0,0,0.596985583224115,0.462732919254658
2007-03-29,2.1,24.79,"Hobart",,,0,0,0,0,0.855832241153342,0.0714285714285714
2007-03-30,1.88,4.07,"Hobart",,,0,0,0,0,0.0157273918741809,0.0512422360248447
2007-03-31,1.68,4.84,"Hobart",,,0,0,0,0,0.0301441677588467,0.0302795031055901
2007-04-01,1.5,3.88,"Hobart",,,0,0,0,0,0.0117955439056356,0.0232919254658385
2007-04-02,4.32,11.26,"Hobart",,,0,0,0,0,0.344692005242464,0.392857142857143
2007-04-03,4.84,16.08,"Hobart",,,0,0,0,0,0.612057667103539,0.46972049689441
2007-04-04,9.75,15.12,"Hobart",,,0,0,0,0,0.561598951507208,0.774844720496894
2007-04-05,4.16,10.38,"Hobart",,,0,0,0,0,0.288990825688073,0.369565217391304
2007-04-06,4.22,9.5,"Hobart",,,0,0,0,0,0.243119266055046,0.377329192546584
2007-04-07,6.1,9.81,"Hobart",,,0,0,0,0,0.26343381389253,0.587732919254658
2007-04-08,6.11,12.45,"Hobart",,,0,0,0,0,0.414154652686763,0.59083850931677
2007-04-09,6.16,11.71,"Hobart",,,0,0,0,0,0.370249017038008,0.602484472049689
2007-04-10,4.05,12.39,"Hobart",,,0,0,0,0,0.410222804718218,0.357142857142857
2007-04-11,,26.02,"Hobart",,,0,,,,0.874180865006553,
2007-04-12,8.17,23.76,"Hobart",,,0,0,0,0,0.834207077326343,0.71583850931677
2007-04-13,14.96,26.99,"Hobart",,,0,0,0,0,0.885976408912189,0.880434782608696
2007-04-14,2.06,24.03,"Hobart",,,0,0,0,0,0.840104849279161,0.0683229813664596
2007-04-15,11.34,22.61,"Hobart",,,0,0,0,0,0.815203145478375,0.807453416149068
2007-04-16,6.99,14.62,"Hobart",,,0,0,0,0,0.533420707732634,0.667701863354037
2007-04-17,7.24,16.95,"Hobart",,,0,0,0,0,0.660550458715596,0.682453416149068
2007-04-18,4.61,9.5,"Hobart",,,0,0,0,0,0.243119266055046,0.434782608695652
2007-04-19,5.17,7.76,"Hobart",,,0,0,0,0,0.151376146788991,0.507763975155279
2007-04-20,9.41,15.71,"Hobart",,,0,0,0,0,0.583224115334207,0.763975155279503
2007-04-21,8.07,14.73,"Hobart",,,0,0,0,0,0.538663171690695,0.709627329192547
2007-04-22,2.96,6.7,"Hobart",,,0,0,0,0,0.116644823066841,0.186335403726708
2007-04-23,6.46,12.36,"Hobart",,,0,0,0,0,0.40694626474443,0.635093167701863
2007-04-24,,13.17,"Hobart",,,0,,,,0.453473132372215,
2007-04-25,10.58,14.85,"Hobart",,,0,0,0,0,0.5478374836173,0.798136645962733
2007-04-26,1.27,22.79,"Hobart",,,0,0,0,0,0.818479685452163,0.0170807453416149
2007-04-27,6.38,12.07,"Hobart",,,0,0,0,0,0.389252948885976,0.631211180124224
2007-04-28,,7.89,"Hobart",,,0,,,,0.158584534731324,
2007-04-29,4.38,10.43,"Hobart",,,0,0,0,0,0.292267365661861,0.406832298136646
2007-04-30,9.45,18.02,"Hobart",,,0,0,0,0,0.691349934469201,0.765527950310559
2007-05-01,11.37,20.11,"Hobart",,,0,0,0,0,0.749672346002621,0.809006211180124
2007-05-02,7.85,16.19,"Hobart",,,0,0,0,0,0.618610747051114,0.704968944099379
2007-05-03,5.44,11.45,"Hobart",,,0,0,0,0,0.3564875491481,0.531832298136646
2007-05-04,1.7,15.27,"Hobart",,,0,0,0,0,0.568807339449541,0.0341614906832298
2007-05-05,,23.01,"Hobart",,,0,,,,0.825688073394495,
2007-05-06,4.33,11.82,"Hobart",,,0,0,0,0,0.376146788990826,0.394409937888199
2007-05-07,8.1,20.51,"Hobart",,,0,0,0,0,0.767365661861075,0.711180124223602
2007-05-08,3.86,10.78,"Hobart",,,0,0,0,0,0.31389252948886,0.332298136645963
2007-05-09,2.69,7.67,"Hobart",,,0,0,0,0,0.147444298820446,0.152173913043478
2007-05-10,2.23,5.53,"Hobart",,,0,0,0,0,0.0596330275229358,0.0807453416149068
2007-05-11,4.55,10.14,"Hobart",,,0,0,0,0,0.277850589777195,0.425465838509317
2007-05-12,9.24,14.19,"Hobart",,,0,0,0,0,0.509829619921363,0.756211180124224
2007-05-13,16.46,21.55,"Hobart",,,0,0,0,0,0.794233289646134,0.90916149068323
2007-05-14,21.66,28.59,"Hobart",,,0,0,0,0,0.900393184796854,0.961180124223602
2007-05-15,17.52,35.48,"Hobart",,,0,0,0,0,0.972477064220184,0.925465838509317
2007-05-16,,36.21,"Hobart",,,0,,,,0.976408912188729,
2007-05-17,12.6,18.5,"Hobart",,,0,0,0,0,0.706422018348624,0.838509316770186
2007-05-18,14.6,23.75,"Hobart",,,0,0,0,0,0.832241153342071,0.87111801242236
2007-05-19,6.09,9.46,"Hobart",,,0,0,0,0,0.241153342070773,0.584627329192547
2007-05-20,2.18,5.36,"Hobart",,,0,0,0,0,0.053735255570118,0.0760869565217391
2007-05-21,8.98,16.06,"Hobart",,,0,0,0,0,0.608125819134993,0.749223602484472
2007-05-22,5.38,10.07,"Hobart",,,0,0,0,0,0.27653997378768,0.522515527950311
2007-05-23,4.64,12.49,"Hobart",,,0,0,0,0,0.418086500655308,0.44332298136646
2007-05-24,3.09,8.88,"Hobart",,,0,0,0,0,0.213630406290957,0.210403726708075
2007-05-25,6.15,14.58,"Hobart",,,0,0,0,0,0.530799475753604,0.599378881987578
2007-05-26,7.63,15.24,"Hobart",,,0,0,0,0,0.566841415465269,0.698757763975155
2007-05-27,7.54,14.01,"Hobart",,,0,0,0,0,0.499344692005242,0.694099378881988
2007-05-28,7.57,14.28,"Hobart",,,0,0,0,0,0.512450851900393,0.695652173913043
2007-05-29,7.5,15.1,"Hobart",,,0,0,0,0,0.559633027522936,0.692546583850932
2007-05-30,2.14,5.64,"Hobart",,,0,0,0,0,0.0681520314547838,0.0745341614906832
2007-05-31,2.63,5.3,"Hobart",,,0,0,0,0,0.0498034076015727,0.143633540372671
2007-06-01,9.19,13.03,"Hobart",,,0,0,0,0,0.448230668414155,0.754658385093168
2007-06-02,18.27,22.88,"Hobart",,,0,0,0,0,0.82175622542595,0.930124223602484
2007-06-03,15.31,26.23,"Hobart",,,0,0,0,0,0.878112712975098,0.891304347826087
2007-06-04,17.65,23.29,"Hobart",,,0,0,0,0,0.828309305373526,0.927018633540373
2007-06-05,14.39,19.29,"Hobart",,,0,0,0,0,0.732634338138925,0.869565217391304
2007-06-06,6.34,16.21,"Hobart",,,0,0,0,0,0.619921363040629,0.624223602484472
2007-06-07,15.32,24.37,"Hobart",,,0,0,0,0,0.845347313237221,0.892857142857143
2007-06-08,12.82,17.74,"Hobart",,,0,0,0,0,0.684141546526868,0.843167701863354
2007-06-09,23.36,28.83,"Hobart",,,0,0,0,0,0.90694626474443,0.978260869565217
2007-06-10,13.87,22.38,"Hobart",,,0,0,0,0,0.81127129750983,0.860248447204969
2007-06-11,11.73,16.28,"Hobart",,,0,0,0,0,0.625163826998689,0.819875776397516
2007-06-12,6.09,8.7,"Hobart",,,0,0,0,0,0.202490170380079,0.584627329192547
2007-06-13,8.65,13.88,"Hobart",,,0,0,0,0,0.490825688073394,0.739130434782609
2007-06-14,16.66,24.18,"Hobart",,,0,0,0,0,0.842726081258191,0.91304347826087
2007-06-15,17.01,23.81,"Hobart",,,0,0,0,0,0.836173001310616,0.920807453416149
2007-06-16,16.09,20.09,"Hobart",,,0,0,0,0,0.748361730013106,0.900621118012422
2007-06-17,15.87,26.15,"Hobart",,,0,0,0,0,0.875491480996068,0.895962732919255
2007-06-18,8.86,13.7,"Hobart",,,0,0,0,0,0.485583224115334,0.745341614906832
2007-06-19,23.59,30.68,"Hobart",,,0,0,0,0,0.930537352555701,0.979813664596273
2007-06-20,6.23,9.22,"Hobart",,,0,0,0,0,0.230668414154653,0.613354037267081
2007-06-21,4.27,14.3,"Hobart",,,0,0,0,0,0.513761467889908,0.385093167701863
2007-06-22,15.93,22.54,"Hobart",,,0,0,0,0,0.81389252948886,0.897515527950311
2007-06-23,28.05,34.7,"Hobart",,,0,0,0,0,0.963302752293578,0.992236024844721
2007-06-24,10.33,18.2,"Hobart",,,0,0,0,0,0.698558322411533,0.787267080745342
2007-06-25,12.71,16.69,"Hobart",,,0,0,0,0,0.648099606815203,0.840062111801242
2007-06-26,31.61,39.43,"Hobart",,,0,0,0,0,0.988204456094364,1
2007-06-27,13.46,21.18,"Hobart",,,0,0,0,0,0.785058977719528,0.854037267080745
2007-06-28,5.6,12.05,"Hobart",,,0,0,0,0,0.387287024901704,0.549689440993789
2007-06-29,25.56,35.19,"Hobart",,,0,0,0,0,0.969855832241153,0.987577639751553
2007-06-30,5.19,7.87,"Hobart",,,0,0,0,0,0.156618610747051,0.509316770186335
2007-07-01,9.37,13.42,"Hobart",,,0,0,0,0,0.469200524246396,0.762422360248447
2007-07-02,18.33,25.16,"Hobart",,,0,0,0,0,0.862385321100917,0.93167701863354
2007-07-03,16.16,23.88,"Hobart",,,0,0,0,0,0.837483617300131,0.90527950310559
2007-07-04,25.17,38.79,"Hobart",,,0,0,0,0,0.984272608125819,0.984472049689441
2007-07-05,,33.36,"Hobart",,,0,,,,0.952817824377457,
2007-07-06,,48.94,"Hobart",,,0,,,0,0.998689384010485,
2007-07-07,20.19,25.93,"Hobart",,,0,0,0,0,0.872870249017038,0.937888198757764
2007-07-08,7.03,13.59,"Hobart",,,0,0,0,0,0.478374836173001,0.669254658385093
2007-07-09,16.67,24.78,"Hobart",,,0,0,0,0,0.854521625163827,0.914596273291925
2007-07-10,21.2,29.78,"Hobart",,,0,0,0,0,0.920052424639581,0.951863354037267
2007-07-11,22.09,29.21,"Hobart",,,0,0,0,0,0.913499344692005,0.96583850931677
2007-07-12,30.15,37.66,"Hobart",,,0,0,0,0,0.981651376146789,0.998447204968944
2007-07-13,6.89,11.55,"Hobart",,,0,0,0,0,0.363040629095675,0.660714285714286
2007-07-14,6.65,11.16,"Hobart",,,0,0,0,0,0.338138925294889,0.652173913043478
2007-07-15,17.78,21.95,"Hobart",,,0,0,0,0,0.802096985583224,0.928571428571429
2007-07-16,8.13,13.07,"Hobart",,,0,0,0,0,0.450851900393185,0.712732919254658
2007-07-17,8.19,11.71,"Hobart",,,0,0,0,0,0.370249017038008,0.717391304347826
2007-07-18,6.56,10.16,"Hobart",,,0,0,0,0,0.27916120576671,0.642857142857143
2007-07-19,20.26,29.71,"Hobart",,,0,0,0,0,0.918741808650065,0.93944099378882
2007-07-20,23.1,28.87,"Hobart",,,0,0,0,0,0.908256880733945,0.976708074534162
2007-07-21,10.47,17.2,"Hobart",,,0,0,0,0,0.668414154652687,0.791925465838509
2007-07-22,12.13,15.56,"Hobart",,,0,0,0,0,0.576015727391874,0.829192546583851
2007-07-23,8.2,13.69,"Hobart",,,0,0,0,0,0.482961992136304,0.718944099378882
2007-07-24,7.87,15.96,"Hobart",,,0,0,0,0,0.598951507208388,0.706521739130435
2007-07-25,16.46,27.83,"Hobart",,,0,0,0,0,0.891218872870249,0.90916149068323
2007-07-26,22.5,35.22,"Hobart",,,0,0,0,0,0.971166448230668,0.968944099378882
2007-07-27,12.56,16.91,"Hobart",,,0,0,0,0,0.657929226736566,0.83695652173913
2007-07-28,,15.39,"Hobart",,,0,,,,0.570117955439056,
2007-07-29,21.95,26.95,"Hobart",,,0,0,0,0,0.884665792922674,0.964285714285714
2007-07-30,10.23,14.35,"Hobart",,,0,0,0,0,0.515072083879423,0.785714285714286
2007-07-31,6.35,11.51,"Hobart",,,0,0,0,0,0.360419397116645,0.626552795031056
2007-08-01,4.43,10.2,"Hobart",,,0,0,0,0,0.280471821756225,0.41304347826087
2007-08-02,6.1,7.66,"Hobart",,,0,0,0,0,0.145478374836173,0.587732919254658
2007-08-03,2.4,4.7,"Hobart",,,0,0,0,0,0.0288335517693316,0.107142857142857
2007-08-04,,5.2,"Hobart",,,0,,,,0.0458715596330275,
2007-08-05,3.99,5.88,"Hobart",,,0,0,0,0,0.0799475753604194,0.34472049689441
2007-08-06,2.54,6.3,"Hobart",,,0,0,0,0,0.0982961992136304,0.132763975155279
2007-08-07,4.15,11.98,"Hobart",,,0,0,0,0,0.382699868938401,0.368012422360248
2007-08-08,2.81,10.5,"Hobart",,,0,0,0,0,0.296199213630406,0.169254658385093
2007-08-09,1.56,3.4,"Hobart",,,0,0,0,0,0.00786369593709043,0.0248447204968944
2007-08-10,2.29,3.39,"Hobart",,,0,0,0,0,0.00655307994757536,0.093167701863354
2007-08-11,3.52,5.71,"Hobart",,,0,0,0,0,0.0694626474442988,0.28027950310559
2007-08-12,15.16,17.72,"Hobart",,,0,0,0,0,0.682830930537353,0.885093167701863
2007-08-13,27.31,34.21,"Hobart",,,0,0,0,0,0.959370904325033,0.989130434782609
2007-08-14,21.01,30.37,"Hobart",,,0,0,0,0,0.926605504587156,0.947204968944099
2007-08-15,14.11,20.28,"Hobart",,,0,0,0,0,0.753604193971166,0.866459627329193
2007-08-16,20.08,30.32,"Hobart",,,0,0,0,0,0.925294888597641,0.936335403726708
2007-08-17,17.33,22.81,"Hobart",,,0,0,0,0,0.820445609436435,0.923913043478261
2007-08-18,4.54,8.83,"Hobart",,,0,0,0,0,0.208387942332896,0.423913043478261
2007-08-19,3.7,6.96,"Hobart",,,0,0,0,0,0.131061598951507,0.305900621118012
2007-08-20,1.91,4.86,"Hobart",,,0,0,0,0,0.0321100917431193,0.0527950310559006
2007-08-21,14.94,22.79,"Hobart",,,0,0,0,0,0.818479685452163,0.87888198757764
2007-08-22,20.69,26.74,"Hobart",,,0,0,0,0,0.883355176933159,0.942546583850932
2007-08-23,13.5,19.54,"Hobart",,,0,0,0,0,0.741808650065531,0.857142857142857
2007-08-24,7.36,14.36,"Hobart",,,0,0,0,0,0.516382699868938,0.68944099378882
2007-08-25,8.77,16.64,"Hobart",,,0,0,0,0,0.64089121887287,0.742236024844721
2007-08-26,11.61,17.01,"Hobart",,,0,0,0,0,0.661861074705111,0.815217391304348
2007-08-27,8.57,15.95,"Hobart",,,0,0,0,0,0.596985583224115,0.736024844720497
2007-08-28,4.28,13.01,"Hobart",,,0,0,0,0,0.444954128440367,0.386645962732919
2007-08-29,2.64,6.73,"Hobart",,,0,0,0,0,0.119921363040629,0.147515527950311
2007-08-30,4.29,12.14,"Hobart",,,0,0,0,0,0.394495412844037,0.388198757763975
2007-08-31,3.97,8.87,"Hobart",,,0,0,0,0,0.211664482306684,0.340062111801242
2007-09-01,2.04,5.16,"Hobart",,,0,0,0,0,0.0432503276539974,0.0652173913043478
2007-09-02,1.23,28.8,"Hobart",,,0,0,0,0,0.905635648754915,0.0139751552795031
2007-09-03,,7.21,"Hobart",,,0,,,,0.13564875491481,
2007-09-04,,29.54,"Hobart",,,0,,,,0.916120576671035,
2007-09-05,9.99,18.67,"Hobart",,,0,0,0,0,0.712975098296199,0.781055900621118
2007-09-06,11.92,18.45,"Hobart",,,0,0,0,0,0.703800786369594,0.826086956521739
2007-09-07,10.43,17.26,"Hobart",,,0,0,0,0,0.671035386631717,0.790372670807453
2007-09-08,13.36,21.33,"Hobart",,,0,0,0,0,0.788335517693316,0.852484472049689
2007-09-09,25.48,32.86,"Hobart",,,0,0,0,0,0.951507208387942,0.986024844720497
2007-09-10,16.12,25.11,"Hobart",,,0,0,0,0,0.861074705111402,0.902173913043478
2007-09-11,16.97,22.04,"Hobart",,,0,0,0,0,0.803407601572739,0.917701863354037
2007-09-12,11.32,19.22,"Hobart",,,0,0,0,0,0.727391874180865,0.805900621118012
2007-09-13,6.59,12.76,"Hobart",,,0,0,0,0,0.428571428571429,0.647515527950311
2007-09-14,6.21,13.58,"Hobart",,,0,0,0,0,0.477064220183486,0.608695652173913
2007-09-15,4.44,9.24,"Hobart",,,0,0,0,0,0.231979030144168,0.415372670807453
2007-09-16,12.01,18.71,"Hobart",,,0,0,0,0,0.714285714285714,0.827639751552795
2007-09-17,2.77,16.35,"Hobart",,,0,0,0,0,0.628440366972477,0.163819875776398
2007-09-18,6.75,16.07,"Hobart",,,0,0,0,0,0.610747051114024,0.65527950310559
2007-09-19,7.6,20.19,"Hobart",,,0,0,0,0,0.750982961992136,0.697204968944099
2007-09-20,3.67,8.51,"Hobart",,,0,0,0,0,0.195281782437746,0.298913043478261
2007-09-21,3.55,,"Hobart",,,,0,0,,,0.282608695652174
2007-09-22,9.69,20.04,"Hobart",,,0,0,0,0,0.747051114023591,0.773291925465838
2007-09-23,1.86,12.6,"Hobart",,,0,0,0,0,0.422018348623853,0.0489130434782609
2007-09-24,4.3,6.69,"Hobart",,,0,0,0,0,0.115334207077326,0.389751552795031
2007-09-25,7.24,13.7,"Hobart",,,0,0,0,0,0.485583224115334,0.682453416149068
2007-09-26,8.67,17.16,"Hobart",,,0,0,0,0,0.666448230668414,0.740683229813665
2007-09-27,4.36,9.06,"Hobart",,,0,0,0,0,0.22608125819135,0.403726708074534
2007-09-28,2.52,5.61,"Hobart",,,0,0,0,0,0.0668414154652687,0.126552795031056
2007-09-29,2.45,4.88,"Hobart",,,0,0,0,0,0.0340760157273919,0.118012422360248
2007-09-30,3.46,6,"Hobart",,,0,0,0,0,0.0884665792922674,0.272515527950311
2007-10-01,3.58,6.39,"Hobart",,,0,0,0,0,0.103538663171691,0.28416149068323
2007-10-02,3.19,7.86,"Hobart",,,0,0,0,0,0.154652686762779,0.228260869565217
2007-10-03,,7.06,"Hobart",,,0,,,,0.132372214941022,
2007-10-04,2.9,7.51,"Hobart",,,0,0,0,0,0.142857142857143,0.177018633540373
2007-10-05,4.49,11.44,"Hobart",,,0,0,0,0,0.355176933158585,0.420031055900621
2007-10-06,4.2,10.66,"Hobart",,,0,0,0,0,0.304062909567497,0.373447204968944
2007-10-07,,5.83,"Hobart",,,0,,,,0.0773263433813893,
2007-10-08,2.35,6.48,"Hobart",,,0,0,0,0,0.104849279161206,0.103260869565217
2007-10-09,3.72,9.57,"Hobart",,,0,0,0,0,0.247706422018349,0.31055900621118
2007-10-10,4.51,11,"Hobart",,,0,0,0,0,0.326343381389253,0.422360248447205
2007-10-11,5.38,11.33,"Hobart",,,0,0,0,0,0.348623853211009,0.522515527950311
2007-10-12,1.95,4.92,"Hobart",,,0,0,0,0,0.036697247706422,0.0590062111801242
2007-10-13,1.44,4.28,"Hobart",,,0,0,0,0,0.0190039318479685,0.0217391304347826
2007-10-14,0.8,2.13,"Hobart",,,0,0,0,0,0,0.0015527950310559
2007-10-15,3.24,,"Hobart",,,,0,0,,,0.232142857142857
2007-10-16,3.33,8.7,"Hobart",,,0,0,0,0,0.202490170380079,0.244565217391304
2007-10-17,5.39,13.22,"Hobart",,,0,0,0,0,0.456094364351245,0.525621118012422
2007-10-18,5.01,15.21,"Hobart",,,0,0,0,0,0.563564875491481,0.493012422360248
2007-10-19,6.51,18.04,"Hobart",,,0,0,0,0,0.693315858453473,0.638975155279503
2007-10-20,10.5,26.57,"Hobart",,,0,0,0,0,0.879423328964613,0.793478260869565
2007-10-21,8.99,17.13,"Hobart",,,0,0,0,0,0.664482306684142,0.751552795031056
2007-10-22,5.03,10.56,"Hobart",,,0,0,0,0,0.300131061598952,0.497670807453416
2007-10-23,3.65,11.03,"Hobart",,,0,0,0,0,0.331585845347313,0.295031055900621
2007-10-24,3.39,8.81,"Hobart",,,0,0,0,0,0.207077326343381,0.263198757763975
2007-10-25,3.07,12.21,"Hobart",,,0,0,0,0,0.398427260812582,0.204968944099379
2007-10-26,3.11,8.34,"Hobart",,,0,0,0,0,0.184796854521625,0.21583850931677
2007-10-27,2.43,3.62,"Hobart",,,0,0,0,0,0.0104849279161206,0.112577639751553
2007-10-28,4.71,11.03,"Hobart",,,0,0,0,0,0.331585845347313,0.452639751552795
2007-10-29,2.25,8.99,"Hobart",,,0,0,0,0,0.220183486238532,0.0861801242236025
2007-10-30,1.81,6.84,"Hobart",,,0,0,0,0,0.127129750982962,0.0419254658385093
2007-10-31,2.72,12.24,"Hobart",,,0,0,0,0,0.399737876802097,0.15527950310559
2007-11-01,3.81,10.92,"Hobart",,,0,0,0,0,0.319790301441678,0.321428571428571
2007-11-02,4.01,12.36,"Hobart",,,0,0,0,0,0.40694626474443,0.346273291925466
2007-11-03,2.53,6.74,"Hobart",,,0,0,0,0,0.121887287024902,0.129658385093168
2007-11-04,3.08,8.89,"Hobart",,,0,0,0,0,0.214941022280472,0.207298136645963
2007-11-05,2.67,7.5,"Hobart",,,0,0,0,0,0.141546526867628,0.150621118012422
2007-11-06,2.25,5.53,"Hobart",,,0,0,0,0,0.0596330275229358,0.0861801242236025
2007-11-07,2.07,5.72,"Hobart",,,0,0,0,0,0.0707732634338139,0.0698757763975155
2007-11-08,2.02,6,"Hobart",,,0,0,0,0,0.0884665792922674,0.0636645962732919
2007-11-09,3.68,9.02,"Hobart",,,0,0,0,0,0.222804718217562,0.301242236024845
2007-11-10,3.38,8.23,"Hobart",,,0,0,0,0,0.176933158584535,0.259316770186335
2007-11-11,4.94,13.25,"Hobart",,,0,0,0,0,0.458715596330275,0.485248447204969
2007-11-12,1.86,6.35,"Hobart",,,0,0,0,0,0.102228047182176,0.0489130434782609
2007-11-13,6.89,22.3,"Hobart",,,0,0,0,0,0.808650065530799,0.660714285714286
2007-11-14,5.44,17.42,"Hobart",,,0,0,0,0,0.676277850589777,0.531832298136646
2007-11-15,4.03,14.09,"Hobart",,,0,0,0,0,0.504587155963303,0.34860248447205
2007-11-16,5.37,16.09,"Hobart",,,0,0,0,0,0.613368283093054,0.520186335403727
2007-11-17,5.2,14.89,"Hobart",,,0,0,0,0,0.549803407601573,0.510869565217391
2007-11-18,5.04,16.18,"Hobart",,,0,0,0,0,0.617300131061599,0.5
2007-11-19,8.83,20.42,"Hobart",,,0,0,0,0,0.764744429882045,0.743788819875776
2007-11-20,22.54,35.59,"Hobart",,,0,0,0,0,0.973787680209699,0.970496894409938
2007-11-21,4.22,12.82,"Hobart",,,0,0,0,0,0.432503276539974,0.377329192546584
2007-11-22,2.64,8.98,"Hobart",,,0,0,0,0,0.218872870249017,0.147515527950311
2007-11-23,,15.76,"Hobart",,,0,,,,0.584534731323722,
2007-11-24,,13.57,"Hobart",,,0,,,,0.475098296199214,
2007-11-25,,13.69,"Hobart",,,0,,,,0.482961992136304,
2007-11-26,,16.34,"Hobart",,,0,,,,0.626474442988204,
2007-11-27,,16.56,"Hobart",,,0,,,,0.637614678899083,
2007-11-28,,16.66,"Hobart",,,0,,,,0.642201834862385,
2007-11-29,,11.82,"Hobart",,,0,,,,0.376146788990826,
2007-11-30,,17.44,"Hobart",,,0,,,,0.677588466579292,
2007-12-01,,14.25,"Hobart",,,0,,,,0.511140235910878,
2007-12-02,,15.24,"Hobart",,,0,,,,0.566841415465269,
2007-12-04,,5.21,"Hobart",,,0,,,,0.0471821756225426,
2007-12-05,,18.98,"Hobart",,,0,,,,0.72346002621232,
2007-12-06,,17.5,"Hobart",,,0,,,,0.678899082568807,
2007-12-08,,23.4,"Hobart",,,0,,,,0.829619921363041,
2007-12-09,,11.04,"Hobart",,,0,,,,0.334207077326343,
2007-12-10,,4.94,"Hobart",,,0,,,,0.0386631716906946,
2007-12-11,,6.72,"Hobart",,,0,,,,0.117955439056356,
2007-12-12,,8.24,"Hobart",,,0,,,,0.17824377457405,
2007-12-13,,11.43,"Hobart",,,0,,,,0.353866317169069,
2007-12-14,,16.36,"Hobart",,,0,,,,0.631061598951507,
2007-12-15,4.62,12.47,"Hobart",,,0,0,0,0,0.415465268676278,0.438664596273292
2007-12-16,5.36,13.01,"Hobart",,,0,0,0,0,0.444954128440367,0.518633540372671
2007-12-17,4.91,12.92,"Hobart",,,0,0,0,0,0.442332896461337,0.481366459627329
2007-12-18,5.9,13.24,"Hobart",,,0,0,0,0,0.45740498034076,0.566770186335404
2007-12-19,5.45,16.23,"Hobart",,,0,0,0,0,0.621231979030144,0.534937888198758
2007-12-20,,16.05,"Hobart",,,0,,,,0.604193971166448,
2007-12-21,,18.02,"Hobart",,,0,,,,0.691349934469201,
2007-12-22,4.49,,"Hobart",,,,0,0,,,0.420031055900621
2007-12-23,2.47,3,"Hobart",,,0,0,0,0,0.00393184796854522,0.122670807453416
2007-12-24,3.02,5.59,"Hobart",,,0,0,0,0,0.0655307994757536,0.192546583850932
2007-12-25,2.73,4.9,"Hobart",,,0,0,0,0,0.0353866317169069,0.157608695652174
2007-12-26,2.85,2.89,"Hobart",,,0,0,0,0,0.00131061598951507,0.173136645962733
2007-12-27,6.6,19.03,"Hobart",,,0,0,0,0,0.724770642201835,0.650621118012422
2007-12-28,5.93,13.02,"Hobart",,,0,0,0,0,0.44692005242464,0.56832298136646
2007-12-29,8.34,21.38,"Hobart",,,0,0,0,0,0.791612057667104,0.725155279503106
2007-12-30,6.33,15.84,"Hobart",,,0,0,0,0,0.587155963302752,0.621894409937888
2007-12-31,7.42,18.91,"Hobart",,,0,0,0,0,0.719528178243775,0.690993788819876
2008-01-01,6.92,17.97,"Hobart",,,0,0,0,0,0.689384010484928,0.666149068322981
2008-01-02,6.25,19.5,"Hobart",,,0,0,0,0,0.739187418086501,0.614906832298137
2008-01-03,4.64,14.53,"Hobart",,,0,0,0,0,0.529488859764089,0.44332298136646
2008-01-04,4.62,17.16,"Hobart",,,0,0,0,0,0.666448230668414,0.438664596273292
2008-01-05,6.26,21.53,"Hobart",,,0,0,0,0,0.792922673656619,0.616459627329193
2008-01-06,9.48,22.89,"Hobart",,,0,0,0,0,0.823066841415465,0.767080745341615
2008-01-07,4.12,14.11,"Hobart",,,0,0,0,0,0.505897771952818,0.362577639751553
2008-01-08,4.11,15.57,"Hobart",,,0,0,0,0,0.577981651376147,0.360248447204969
2008-01-09,6.13,20.94,"Hobart",,,0,0,0,0,0.778505897771953,0.59472049689441
2008-01-10,6.59,20.42,"Hobart",,,0,0,0,0,0.764744429882045,0.647515527950311
2008-01-11,7.81,30.93,"Hobart",,,0,0,0,0,0.934469200524246,0.701863354037267
2008-01-12,7.19,22.74,"Hobart",,,0,0,0,0,0.81651376146789,0.678571428571429
2008-01-13,3.39,10.7,"Hobart",,,0,0,0,0,0.307339449541284,0.263198757763975
2008-01-14,2.53,12.83,"Hobart",,,0,0,0,0,0.434469200524246,0.129658385093168
2008-01-15,4.14,15.81,"Hobart",,,0,0,0,0,0.585845347313237,0.365683229813665
2008-01-16,,10.97,"Hobart",,,0,,,,0.323722149410223,
2008-01-17,2.85,10.52,"Hobart",,,0,0,0,0,0.297509829619921,0.173136645962733
2008-01-18,,19.42,"Hobart",,,0,,,,0.735255570117955,
2008-01-19,3.35,10.27,"Hobart",,,0,0,0,0,0.281782437745741,0.25
2008-01-20,4.44,10.7,"Hobart",,,0,0,0,0,0.307339449541284,0.415372670807453
2008-01-21,3.85,12,"Hobart",,,0,0,0,0,0.384010484927916,0.329192546583851
2008-01-22,3.62,11.29,"Hobart",,,0,0,0,0,0.347313237221494,0.290372670807453
2008-01-23,4.78,16.05,"Hobart",,,0,0,0,0,0.604193971166448,0.459627329192547
2008-01-24,3.31,11.35,"Hobart",,,0,0,0,0,0.349934469200524,0.240683229813665
2008-01-25,3.98,14.93,"Hobart",,,0,0,0,0,0.55307994757536,0.342391304347826
2008-01-26,5.86,13.33,"Hobart",,,0,0,0,0,0.463958060288336,0.56444099378882
2008-01-27,5.01,12.76,"Hobart",,,0,0,0,0,0.428571428571429,0.493012422360248
2008-01-28,5.05,17.02,"Hobart",,,0,0,0,0,0.663171690694626,0.501552795031056
2008-01-29,5.57,18.16,"Hobart",,,0,0,0,0,0.697247706422018,0.546583850931677
2008-01-30,5.75,20.82,"Hobart",,,0,0,0,0,0.775884665792923,0.559782608695652
2008-01-31,3.46,13.46,"Hobart",,,0,0,0,0,0.470511140235911,0.272515527950311
2008-02-01,4.04,14.15,"Hobart",,,0,0,0,0,0.508519003931848,0.352484472049689
2008-02-02,4.57,13.13,"Hobart",,,0,0,0,0,0.4521625163827,0.427018633540373
2008-02-03,3.88,14.13,"Hobart",,,0,0,0,0,0.507208387942333,0.333850931677019
2008-02-04,3.67,11.28,"Hobart",,,0,0,0,0,0.346002621231979,0.298913043478261
2008-02-05,3.36,8.36,"Hobart",,,0,0,0,0,0.186762778505898,0.254658385093168
2008-02-06,3.03,5.31,"Hobart",,,0,0,0,0,0.0517693315858453,0.194099378881988
2008-02-07,1.94,6.16,"Hobart",,,0,0,0,0,0.0943643512450852,0.0574534161490683
2008-02-08,1.26,6.57,"Hobart",,,0,0,0,0,0.108781127129751,0.015527950310559
2008-02-09,2.59,6.61,"Hobart",,,0,0,0,0,0.112712975098296,0.137422360248447
2008-02-10,2.43,5.51,"Hobart",,,0,0,0,0,0.0576671035386632,0.112577639751553
2008-02-11,1.09,6.32,"Hobart",,,0,0,0,0,0.0996068152031455,0.0062111801242236
2008-02-12,2.96,5.57,"Hobart",,,0,0,0,0,0.063564875491481,0.186335403726708
2008-02-13,2.25,5.43,"Hobart",,,0,0,0,0,0.0563564875491481,0.0861801242236025
2008-02-14,6.01,14.69,"Hobart",,,0,0,0,0,0.536041939711664,0.577639751552795
2008-02-15,8.5,21.15,"Hobart",,,0,0,0,0,0.783093053735256,0.732142857142857
2008-02-16,5.26,14.45,"Hobart",,,0,0,0,0,0.522935779816514,0.513975155279503
2008-02-17,4.14,13.06,"Hobart",,,0,0,0,0,0.44954128440367,0.365683229813665
2008-02-18,16.14,15.06,"Hobart",,,0,0,0,0,0.556356487549148,0.903726708074534
2008-02-19,4.46,18.46,"Hobart",,,0,0,0,0,0.705111402359109,0.417701863354037
2008-02-20,4.74,16.67,"Hobart",,,0,0,0,0,0.644167758846658,0.456521739130435
2008-02-21,5.98,20.61,"Hobart",,,0,0,0,0,0.771952817824377,0.575310559006211
2008-02-22,4.94,13.35,"Hobart",,,0,0,0,0,0.465268676277851,0.485248447204969
2008-02-23,1.68,4.19,"Hobart",,,0,0,0,0,0.0170380078636959,0.0302795031055901
2008-02-24,2.62,7.25,"Hobart",,,0,0,0,0,0.137614678899083,0.141304347826087
2008-02-25,0.79,2.93,"Hobart",,,0,0,0,0,0.00262123197903014,0
2008-02-26,3.61,9.41,"Hobart",,,0,0,0,0,0.238532110091743,0.28804347826087
2008-02-27,2.9,6.1,"Hobart",,,0,0,0,0,0.0930537352555701,0.177018633540373
2008-02-28,3.13,7.21,"Hobart",,,0,0,0,0,0.13564875491481,0.222049689440994
2008-02-29,3.1,8.3,"Hobart",,,0,0,0,0,0.181520314547837,0.212732919254658
2008-03-01,2.25,5.9,"Hobart",,,0,0,0,0,0.0832241153342071,0.0861801242236025
2008-03-02,2.8,6.9,"Hobart",,,0,0,0,0,0.128440366972477,0.166149068322981
2008-03-03,4.19,8.36,"Hobart",,,0,0,0,0,0.186762778505898,0.37111801242236
2008-03-04,,12.73,"Hobart",,,0,,,,0.423984272608126,
2008-03-05,5.3,15.87,"Hobart",,,0,0,0,0,0.589777195281782,0.515527950310559
2008-03-06,4.42,12.34,"Hobart",,,0,0,0,0,0.403669724770642,0.409937888198758
2008-03-07,5.45,15.04,"Hobart",,,0,0,0,0,0.554390563564875,0.534937888198758
2008-03-08,6.21,14.52,"Hobart",,,0,0,0,0,0.528178243774574,0.608695652173913
2008-03-09,5.66,15.89,"Hobart",,,0,0,0,0,0.591743119266055,0.555900621118012
2008-03-10,5.57,18.79,"Hobart",,,0,0,0,0,0.716906946264744,0.546583850931677
2008-03-11,4.98,14.78,"Hobart",,,0,0,0,0,0.541284403669725,0.489130434782609
2008-03-12,5.75,20.34,"Hobart",,,0,0,0,0,0.758846657929227,0.559782608695652
2008-03-13,6.59,17.94,"Hobart",,,0,0,0,0,0.688073394495413,0.647515527950311
2008-03-14,8.31,38.57,"Hobart",,,0,0,0,0,0.982961992136304,0.72360248447205
2008-03-15,6.57,20.32,"Hobart",,,0,0,0,0,0.757536041939712,0.644409937888199
2008-03-16,9.96,29.11,"Hobart",,,0,0,0,0,0.910878112712975,0.779503105590062
2008-03-17,,28.75,"Hobart",,,0,,,,0.903014416775885,
2008-03-18,13.19,26.7,"Hobart",,,0,0,0,0,0.882044560943643,0.847826086956522
2008-03-19,4.69,10.98,"Hobart",,,0,0,0,0,0.325032765399738,0.448757763975155
2008-03-20,4.59,9.91,"Hobart",,,0,0,0,0,0.266710353866317,0.430124223602484
2008-03-21,4.31,10.72,"Hobart",,,0,0,0,0,0.309960681520315,0.391304347826087
2008-03-22,4.34,9,"Hobart",,,0,0,0,0,0.221494102228047,0.395962732919255
2008-03-23,3.82,9.95,"Hobart",,,0,0,0,0,0.27129750982962,0.322981366459627
2008-03-24,4.81,14.4,"Hobart",,,0,0,0,0,0.519659239842726,0.467391304347826
2008-03-25,7.13,15.91,"Hobart",,,0,0,0,0,0.594364351245085,0.675465838509317
2008-03-26,4.79,8.76,"Hobart",,,0,0,0,0,0.205111402359109,0.462732919254658
2008-03-27,3.71,7.67,"Hobart",,,0,0,0,0,0.147444298820446,0.307453416149068
2008-03-28,3.36,5.82,"Hobart",,,0,0,0,0,0.0753604193971166,0.254658385093168
2008-03-29,2.7,5.75,"Hobart",,,0,0,0,0,0.0727391874180865,0.153726708074534
2008-03-30,2.05,4.01,"Hobart",,,0,0,0,0,0.0144167758846658,0.0667701863354037
2008-03-31,2.26,5.55,"Hobart",,,0,0,0,0,0.0615989515072084,0.0900621118012422
2008-04-01,3.9,8.32,"Hobart",,,0,0,0,0,0.18348623853211,0.335403726708075
2008-04-02,5.4,30.05,"Hobart",,,0,0,0,0,0.921363040629096,0.527950310559006
2008-04-03,2.2,8.13,"Hobart",,,0,0,0,0,0.171035386631717,0.077639751552795
2008-04-04,2.12,4.41,"Hobart",,,0,0,0,0,0.0235910878112713,0.0729813664596273
2008-04-05,7.34,20.27,"Hobart",,,0,0,0,0,0.752293577981651,0.686335403726708
2008-04-06,10.56,19.27,"Hobart",,,0,0,0,0,0.730668414154653,0.795031055900621
2008-04-07,8.98,16.88,"Hobart",,,0,0,0,0,0.656618610747051,0.749223602484472
2008-04-08,9.28,14.59,"Hobart",,,0,0,0,0,0.532110091743119,0.759316770186335
2008-04-09,9.91,18.55,"Hobart",,,0,0,0,0,0.709043250327654,0.777950310559006
2008-04-10,6.19,12.86,"Hobart",,,0,0,0,0,0.437090432503277,0.605590062111801
2008-04-11,,27.88,"Hobart",,,0,,,,0.892529488859764,
2008-04-12,10.76,12.81,"Hobart",,,0,0,0,0,0.431192660550459,0.799689440993789
2008-04-13,2.81,5.57,"Hobart",,,0,0,0,0,0.063564875491481,0.169254658385093
2008-04-14,7.14,12.42,"Hobart",,,0,0,0,0,0.412844036697248,0.677018633540373
2008-04-15,14.06,20.59,"Hobart",,,0,0,0,0,0.770642201834862,0.864906832298137
2008-04-16,6.17,10.58,"Hobart",,,0,0,0,0,0.301441677588467,0.604037267080745
2008-04-17,6.33,14.4,"Hobart",,,0,0,0,0,0.519659239842726,0.621894409937888
2008-04-18,12.93,19.87,"Hobart",,,0,0,0,0,0.744429882044561,0.846273291925466
2008-04-19,19.87,27.39,"Hobart",,,0,0,0,0,0.888597640891219,0.933229813664596
2008-04-20,,29.04,"Hobart",,,0,,,,0.90956749672346,
2008-04-21,10.19,16,"Hobart",,,0,0,0,0,0.600262123197903,0.78416149068323
2008-04-22,13.25,23.02,"Hobart",,,0,0,0,0,0.82699868938401,0.849378881987578
2008-04-23,22.79,33.87,"Hobart",,,0,0,0,0,0.956749672346003,0.972049689440994
2008-04-24,29.56,37.19,"Hobart",,,0,0,0,0,0.979030144167759,0.996894409937888
2008-04-25,28.35,34.93,"Hobart",,,0,0,0,0,0.965923984272608,0.993788819875776
2008-04-26,8.16,11.37,"Hobart",,,0,0,0,0,0.351245085190039,0.714285714285714
2008-04-27,2.61,6.5,"Hobart",,,0,0,0,0,0.106159895150721,0.139751552795031
2008-04-28,11.4,16.03,"Hobart",,,0,0,0,0,0.601572739187418,0.81055900621118
2008-04-29,11.86,16.57,"Hobart",,,0,0,0,0,0.639580602883355,0.822981366459627
2008-04-30,14.63,20.8,"Hobart",,,0,0,0,0,0.774574049803408,0.872670807453416
2008-05-01,24.25,30.47,"Hobart",,,0,0,0,0,0.927916120576671,0.981366459627329
2008-05-02,,12.05,"Hobart",,,0,,,,0.387287024901704,
2008-05-03,4.05,9.45,"Hobart",,,0,0,0,0,0.239842726081258,0.357142857142857
2008-05-04,3.76,5.91,"Hobart",,,0,0,0,0,0.0858453473132372,0.315993788819876
2008-05-05,11.07,16.44,"Hobart",,,0,0,0,0,0.63564875491481,0.803571428571429
2008-05-06,6.83,12.91,"Hobart",,,0,0,0,0,0.440366972477064,0.658385093167702
2008-05-07,3.34,9.74,"Hobart",,,0,0,0,0,0.258191349934469,0.246894409937888
2008-05-08,2.52,13.99,"Hobart",,,0,0,0,0,0.496723460026212,0.126552795031056
2008-05-09,1.38,5.04,"Hobart",,,0,0,0,0,0.0419397116644823,0.0186335403726708
2008-05-10,8.25,16.05,"Hobart",,,0,0,0,0,0.604193971166448,0.721273291925466
2008-05-11,11.9,19.46,"Hobart",,,0,0,0,0,0.73656618610747,0.824534161490683
2008-05-12,7.75,12.53,"Hobart",,,0,0,0,0,0.419397116644823,0.700310559006211
2008-05-13,14.8,20.31,"Hobart",,,0,0,0,0,0.756225425950197,0.874223602484472
2008-05-14,17,21.85,"Hobart",,,0,0,0,0,0.798165137614679,0.919254658385093
2008-05-15,21.26,31.1,"Hobart",,,0,0,0,0,0.937090432503277,0.954968944099379
2008-05-17,,19.09,"Hobart",,,0,,,,0.72608125819135,
2008-05-18,,16.06,"Hobart",,,0,,,,0.608125819134993,
2008-05-19,,13.57,"Hobart",,,0,,,,0.475098296199214,
2008-05-20,,19.23,"Hobart",,,0,,,,0.72870249017038,
2008-05-21,,28.19,"Hobart",,,0,,,,0.897771952817824,
2008-05-22,,25.92,"Hobart",,,0,,,,0.871559633027523,
2008-05-23,,22.49,"Hobart",,,0,,,,0.812581913499345,
2008-05-24,,39.94,"Hobart",,,0,,,,0.989515072083879,
2008-05-25,,30.13,"Hobart",,,0,,,,0.922673656618611,
2008-05-26,,22.32,"Hobart",,,0,,,,0.809960681520315,
2008-05-27,,21.83,"Hobart",,,0,,,,0.796854521625164,
2008-05-28,,14.8,"Hobart",,,0,,,,0.543905635648755,
2008-05-29,,6.78,"Hobart",,,0,,,,0.125819134993447,
2008-05-30,,11.21,"Hobart",,,0,,,,0.342070773263434,
2008-05-31,,20.51,"Hobart",,,0,,,,0.767365661861075,
2008-06-01,,17.58,"Hobart",,,0,,,,0.680209698558322,
2008-06-02,,18.92,"Hobart",,,0,,,,0.721494102228047,
2008-06-03,,31.93,"Hobart",,,0,,,,0.942332896461337,
2008-06-04,,25.46,"Hobart",,,0,,,,0.86697247706422,
